[
  {
    "type": "item_group",
    "id": "bionics_ordinary",
	"//": "Generic cbms for non-specific electric zombies. Mainly faulty cbms since these aren't full-on cyborgs but instead random shamblers, but small chance of impulse buy civilian cbms and tiny chance of dangerous shock cbms.",
    "//2": "Ordinary people don't know anything about CBMs and will go to anyone who says they can install one, especially if it's at a great deal. They're highly likely to have numerous badly installed CBMs from having a random quack do shoddy work.",
	"items": [
      [ "bio_power_storage", 5 ],
	  [ "bio_batteries", 5 ],
      [ "bio_dis_shock", 20 ],
	  [ "bio_dis_acid", 30 ],
	  [ "bio_drain", 25 ],
      [ "bio_glowy", 70 ],
	  [ "bio_trip", 15 ],
      [ "bio_leaky", 20 ],
      [ "bio_spasm", 50 ],
	  [ "bio_shakes", 20 ],
      [ "bio_stiff", 60 ],
	  [ "bio_itchy", 60 ],
	  [ "bio_sleepy", 20 ], 
	  [ "bio_nostril", 20 ],
	  [ "bio_pokedeye", 30 ],
	  [ "bio_deformity", 30 ],
	  [ "bio_power_weakness", 20 ],
	  [ "bio_faulty_grossfood", 30],
      [ "bio_faulty_electromagnetic_leak", 40 ],
	  [ "bio_shock", 5 ],
	  [ "bio_trickle", 1 ],
	  [ "bio_ups", 1 ],
	  [ "bio_chain_lightning", 1 ],
	  [ "bio_taste_blocker", 3 ],
	  [ "bio_soporific", 3 ],
	  [ "bio_watch", 3 ],
	  [ "bio_sunglasses", 3 ],
	  [ "bio_painkiller", 3 ],
	  [ "bio_lighter", 3 ],
	  [ "bio_laser", 3 ]
	  
    ]
  },
  
  {
    "type": "item_group",
    "id": "bionics_tech",
	"//": "Bionics a cybernetic technician might have. Typically utility-related cybernetics like integrated toolset or onboard diagnostics.",
	"//2": "Technicians generally have high quality work done to enhance their work capabilities in the field; the types of faulty CBMs they have will be limited and likely caused by damage from attacks.",
    "items": [
      [ "bio_power_storage", 5 ],
	  [ "bio_batteries", 5 ],
      [ "bio_dis_shock", 20 ],
      [ "bio_leaky", 30 ],
      [ "bio_faulty_electromagnetic_leak", 40 ],
	  [ "bio_flashlight", 5 ],
	  [ "bio_magnet", 10 ],
	  [ "bio_geiger", 3 ],
	  [ "bio_meteorologist", 3 ],
	  [ "bio_ground_sonar", 1 ],
	  [ "bio_heatsink", 1 ],
	  [ "bio_faraday", 3 ],
	  [ "bio_trickle", 3 ],
	  [ "bio_ups", 5 ],
	  [ "bio_purifier", 3 ],
	  [ "bio_climate", 3 ],
	  [ "bio_radscrubber", 3 ], 
	  [ "bio_remote", 1 ],
	  [ "bio_sunglasses", 1 ],
	  [ "bio_watch", 3 ],
	  [ "bio_weight", 1 ],
	  [ "bio_synaptic_regen", 1 ],
	  [ "bio_tools", 3 ],
	  [ "bio_fingerhack", 3 ],
	  [ "bio_lockpick", 3 ]
    ]
  },
   {
    "type": "item_group",
    "id": "bionics_sci",
	"//": "Bionics a cybernetic scientist might have. Typically medical-related cybernetics like integrated scalpels and syringes. Also includes CBMs that ease working in hazardous or extreme environments working with specific specimens.",
	"//2": "It's unknown if zombie scientists actually have CBMs of any kind since they no longer deploy manhacks or do anything special on their own. This is mainly my reversal of a retcon.",
	"//3": "Zombie scientists have the most direct experience testing and developing CBMs; none of their CBMs are installed incorrectly.",
    "items": [
      [ "bio_power_storage", 5 ],
	  [ "bio_batteries", 5 ],
	  [ "bio_geiger", 3 ],
	  [ "bio_meteorologist", 3 ],
	  [ "bio_ground_sonar", 1 ],
	  [ "bio_heatsink", 1 ],
	  [ "bio_faraday", 3 ],
	  [ "bio_remote", 1 ],
	  [ "bio_int_enhancer", 3],
	  [ "bio_memory", 3 ],
	  [ "bio_nanobots", 1 ],
	  [ "bio_night_vision", 1 ],
	  [ "bio_painkiller", 1 ],
	  [ "bio_purifier", 3 ],
	  [ "bio_radscrubber", 3 ],
	  [ "bio_leukocyte", 1 ],
	  [ "bio_alarm", 1 ],
	  [ "bio_blood_filter", 3 ],
	  [ "bio_blood_anal", 3 ],
	  [ "bio_climate", 3 ],
	  [ "bio_watch", 3 ],
	  [ "bio_eye_enhancer", 3 ],
	  [ "bio_ears", 3 ],
	  [ "bio_synaptic_regen", 5 ],
	  [ "bio_surgical_razor", 10],
	  [ "bio_tools", 3 ],
	  [ "bio_syringe", 10 ]
    ]
  }
  
  
]
