[ 

{
    "id": "dissect_elec_ordinary",
    "type": "harvest",
    "message": "You carefully dig for CBMs in the crackling husk of the zombie.",
    "entries": [
      
      {
        "drop": "bionics_ordinary",
        "type": "bionic_group",
        "flags": [ "FILTHY", "NO_STERILE", "NO_PACKED" ],
        "faults": [ "fault_bionic_salvaged" ],
        "base_num": [ 0, 3 ],
        "scale_num": [ 0.1, 0.6 ],
        "max": 5
      }
    ]
  },
  {
    "id": "dissect_elec_tech",
    "type": "harvest",
    "message": "You carefully dig for CBMs in the crackling husk of the zombie.",
    "entries": [
      
      {
        "drop": "bionics_tech",
        "type": "bionic_group",
        "flags": [ "FILTHY", "NO_STERILE", "NO_PACKED" ],
        "faults": [ "fault_bionic_salvaged" ],
        "base_num": [ 0, 3 ],
        "scale_num": [ 0.1, 0.6 ],
        "max": 5
      }
    ]
  },
  {
    "id": "dissect_elec_sci",
    "type": "harvest",
    "message": "You carefully dig for CBMs in the crackling husk of the zombie.",
    "entries": [
      
      {
        "drop": "bionics_sci",
        "type": "bionic_group",
        "flags": [ "FILTHY", "NO_STERILE", "NO_PACKED" ],
        "faults": [ "fault_bionic_salvaged" ],
        "base_num": [ 0, 3 ],
        "scale_num": [ 0.1, 0.6 ],
        "max": 5
      }
    ]
  },
  {
    "id": "dissect_bio_op",
    "type": "harvest",
    "message": "You carefully dig for CBMs in the bionic operator's corpse.",
    "entries": [
      
      {
        "drop": "bionics_mil",
        "type": "bionic_group",
        "flags": [ "FILTHY", "NO_STERILE", "NO_PACKED" ],
        "faults": [ "fault_bionic_salvaged" ],
        "base_num": [ 1, 3 ],
        "scale_num": [ 0.3, 0.8 ],
        "max": 5
      }
    ]
  }
]
