[
  {
    "id": "mon_zombie_brute_shocker",
    "type": "MONSTER",
	"copy-from": "mon_zombie_brute_shocker",
	"dissect": "dissect_elec_ordinary"
  },
  {
    "id": "mon_zombie_electric",
    "type": "MONSTER",
	"copy-from": "mon_zombie_electric",
	"dissect": "dissect_elec_ordinary"
  },
  {
    "id": "mon_zombie_nullfield",
    "type": "MONSTER",
	"copy-from": "mon_zombie_nullfield",
	"dissect": "dissect_elec_ordinary"
  },
  {
    "id": "mon_zombie_static",
    "type": "MONSTER",
	"copy-from": "mon_zombie_static",
	"dissect": "dissect_elec_ordinary"
  },
  {
    "id": "mon_zombie_technician",
    "type": "MONSTER",
	"copy-from": "mon_zombie_technician",
    "dissect": "dissect_elec_tech"
  },
   {
    "id": "mon_zombie_scientist",
    "type": "MONSTER",
	"copy-from": "mon_zombie_scientist",
	"dissect": "dissect_elec_sci"
  },
  
  
  
  {
    "id": "mon_zombie_bio_op",
    "type": "MONSTER",
	"copy-from": "mon_zombie_bio_op",
    "dissect": "dissect_bio_op"
  },
  {
    "id": "mon_zombie_bio_op2",
    "type": "MONSTER",
    "copy-from": "mon_zombie_bio_op2",
	"dissect": "dissect_bio_op"
  }
]
