[
 {
    "type": "construction",
    "id": "constr_dig_atree",
    "skill": "survival",
    "group": "dig_up_a_tree_or_bush",
    "category": "DIG",
    "difficulty": 4,
	"//": "Digging up a tree requires more specific plant knowledge than simply foraging or farming. Without it you'll just kill the tree and waste your time. You use a shovel to find where the root ball extends to so you can excavate the tree safely.",
    "time": "2h",
    "on_display": true,
    "qualities": [ {"id": "DIG", "level": 2} ],
	"tools": [ ["treespade"] ],
	"components": [
      [ [ "bag_canvas_replanting", 1 ] ],
      [ [ "water", 20 ] ]
    ],
	"pre_terrain": "t_tree_apple",
    "post_terrain": "t_pit",
    "byproducts": [ { "item": "up_appletree", "count":1 } ],
    "activity_level": "MODERATE_EXERCISE",
    "do_turn_special": "do_turn_shovel"
  },
{
    "type": "construction",
    "id": "constr_dig_hatree",
    "skill": "survival",
    "group": "dig_up_a_tree_or_bush",
    "category": "DIG",
    "difficulty": 4,
    "time": "2h",
    "on_display": true,
    "qualities": [ {"id": "DIG", "level": 2} ],
	"tools": [ ["treespade"] ],
	"components": [
      [ [ "bag_canvas_replanting", 1 ] ],
      [ [ "water", 20 ] ]
    ],
	"pre_terrain": "t_tree_apple_harvested",
    "post_terrain": "t_pit",
    "byproducts": [ { "item": "up_happletree", "count":1 } ],
    "activity_level": "MODERATE_EXERCISE",
    "do_turn_special": "do_turn_shovel"
  },
  {
    "type": "construction",
    "id": "constr_dig_prtree",
    "skill": "survival",
    "group": "dig_up_a_tree_or_bush",
    "category": "DIG",
    "difficulty": 4,
    "time": "2h",
    "on_display": true,
     "qualities": [ {"id": "DIG", "level": 2} ],
	"tools": [ ["treespade"] ],
	"components": [
      [ [ "bag_canvas_replanting", 1 ] ],
      [ [ "water", 20 ] ]
    ],
	"pre_terrain": "t_tree_pear",
    "post_terrain": "t_pit",
    "byproducts": [ { "item": "up_peartree", "count":1 } ],
    "activity_level": "MODERATE_EXERCISE",
    "do_turn_special": "do_turn_shovel"
  },
  {
    "type": "construction",
    "id": "constr_dig_hprtree",
    "skill": "survival",
    "group": "dig_up_a_tree_or_bush",
    "category": "DIG",
    "difficulty": 4,
    "time": "2h",
    "on_display": true,
     "qualities": [ {"id": "DIG", "level": 2} ],
	"tools": [ ["treespade"] ],
	"components": [
      [ [ "bag_canvas_replanting", 1 ] ],
      [ [ "water", 20 ] ]
    ],
	"pre_terrain": "t_tree_pear_harvested",
    "post_terrain": "t_pit",
    "byproducts": [ { "item": "up_hpeartree", "count":1 } ],
    "activity_level": "MODERATE_EXERCISE",
    "do_turn_special": "do_turn_shovel"
  },
  {
    "type": "construction",
    "id": "constr_dig_ctree",
    "skill": "survival",
    "group": "dig_up_a_tree_or_bush",
    "category": "DIG",
    "difficulty": 4,
    "time": "2h",
    "on_display": true,
    "qualities": [ {"id": "DIG", "level": 2} ],
	"tools": [ ["treespade"] ],
	"components": [
      [ [ "bag_canvas_replanting", 1 ] ],
      [ [ "water", 20 ] ]
    ],
	"pre_terrain": "t_tree_cherry", 
    "post_terrain": "t_pit",
    "byproducts": [ { "item": "up_cherrytree", "count":1 } ],
    "activity_level": "MODERATE_EXERCISE",
    "do_turn_special": "do_turn_shovel"
  },
  {
    "type": "construction",
    "id": "constr_dig_hctree",
    "skill": "survival",
    "group": "dig_up_a_tree_or_bush",
    "category": "DIG",
    "difficulty": 4,
    "time": "2h",
    "on_display": true,
	 "qualities": [ {"id": "DIG", "level": 2} ],
	"tools": [ ["treespade"] ],
	"components": [
      [ [ "bag_canvas_replanting", 1 ] ],
      [ [ "water", 20 ] ]
    ],
	"pre_terrain": "t_tree_cherry_harvested", 
    "post_terrain": "t_pit",
    "byproducts": [ { "item": "up_hcherrytree", "count":1 } ],
    "activity_level": "MODERATE_EXERCISE",
    "do_turn_special": "do_turn_shovel"
  },
{
    "type": "construction",
    "id": "constr_dig_petree",
    "skill": "survival",
    "group": "dig_up_a_tree_or_bush",
    "category": "DIG",
    "difficulty": 4,
    "time": "2h",
    "on_display": true,
     "qualities": [ {"id": "DIG", "level": 2} ],
	"tools": [ ["treespade"] ],
	"components": [
      [ [ "bag_canvas_replanting", 1 ] ],
      [ [ "water", 20 ] ]
    ],
	"pre_terrain": "t_tree_peach", 
    "post_terrain": "t_pit",
    "byproducts": [ { "item": "up_peachtree", "count":1 } ],
    "activity_level": "MODERATE_EXERCISE",
    "do_turn_special": "do_turn_shovel"
  },
  {
    "type": "construction",
    "id": "constr_dig_cpetree",
    "skill": "survival",
    "group": "dig_up_a_tree_or_bush",
    "category": "DIG",
    "difficulty": 4,
    "time": "2h",
    "on_display": true,
     "qualities": [ {"id": "DIG", "level": 2} ],
	"tools": [ ["treespade"] ],
	"components": [
      [ [ "bag_canvas_replanting", 1 ] ],
      [ [ "water", 20 ] ]
    ],
	"pre_terrain": "t_tree_peach_harvested", 
    "post_terrain": "t_pit",
    "byproducts": [ { "item": "up_hpeachtree", "count":1 } ],
    "activity_level": "MODERATE_EXERCISE",
    "do_turn_special": "do_turn_shovel"
  },
{
    "type": "construction",
    "id": "constr_dig_aprtree",
    "skill": "survival",
    "group": "dig_up_a_tree_or_bush",
    "category": "DIG",
    "difficulty": 4,
    "time": "2h",
    "on_display": true,
     "qualities": [ {"id": "DIG", "level": 2} ],
	"tools": [ ["treespade"] ],
	"components": [
      [ [ "bag_canvas_replanting", 1 ] ],
      [ [ "water", 20 ] ]
    ],
	"pre_terrain": "t_tree_apricot", 
    "post_terrain": "t_pit",
    "byproducts": [ { "item": "up_apricottree", "count":1 } ],
    "activity_level": "MODERATE_EXERCISE",
    "do_turn_special": "do_turn_shovel"
  },
  {
    "type": "construction",
    "id": "constr_dig_haprtree",
    "skill": "survival",
    "group": "dig_up_a_tree_or_bush",
    "category": "DIG",
    "difficulty": 4,
    "time": "2h",
    "on_display": true,
     "qualities": [ {"id": "DIG", "level": 2} ],
	"tools": [ ["treespade"] ],
	"components": [
      [ [ "bag_canvas_replanting", 1 ] ],
      [ [ "water", 20 ] ]
    ],
	"pre_terrain": "t_tree_apricot_harvested", 
    "post_terrain": "t_pit",
    "byproducts": [ { "item": "up_hapricottree", "count":1 } ],
    "activity_level": "MODERATE_EXERCISE",
    "do_turn_special": "do_turn_shovel"
  },
  {
    "type": "construction",
    "id": "constr_dig_ptree",
    "skill": "survival",
    "group": "dig_up_a_tree_or_bush",
    "category": "DIG",
    "difficulty": 4,
    "time": "2h",
    "on_display": true,
    "qualities": [ {"id": "DIG", "level": 2} ],
	"tools": [ ["treespade"] ],
	"components": [
      [ [ "bag_canvas_replanting", 1 ] ],
      [ [ "water", 20 ] ]
    ],
	"pre_terrain": "t_tree_plum", 
    "post_terrain": "t_pit",
    "byproducts": [ { "item": "up_plumtree", "count":1 } ],
    "activity_level": "MODERATE_EXERCISE",
    "do_turn_special": "do_turn_shovel"
  },
  {
    "type": "construction",
    "id": "constr_dig_hptree",
    "skill": "survival",
    "group": "dig_up_a_tree_or_bush",
    "category": "DIG",
    "difficulty": 4,
    "time": "2h",
    "on_display": true,
    "qualities": [ {"id": "DIG", "level": 2} ],
	"tools": [ ["treespade"] ],
	"components": [
      [ [ "bag_canvas_replanting", 1 ] ],
      [ [ "water", 20 ] ]
    ],
	"pre_terrain": "t_tree_plum_harvested", 
    "post_terrain": "t_pit",
    "byproducts": [ { "item": "up_hplumtree", "count":1 } ],
    "activity_level": "MODERATE_EXERCISE",
    "do_turn_special": "do_turn_shovel"
  },
  {
    "type": "construction",
    "id": "constr_dig_mtree",
    "skill": "survival",
    "group": "dig_up_a_tree_or_bush",
    "category": "DIG",
    "difficulty": 4,
    "time": "2h",
    "on_display": true,
    "qualities": [ {"id": "DIG", "level": 2} ],
	"tools": [ ["treespade"] ],
	"components": [
      [ [ "bag_canvas_replanting", 1 ] ],
      [ [ "water", 20 ] ]
    ],
	"pre_terrain": "t_tree_mulberry", 
    "post_terrain": "t_pit",
    "byproducts": [ { "item": "up_mulberrytree", "count":1 } ],
    "activity_level": "MODERATE_EXERCISE",
    "do_turn_special": "do_turn_shovel"
  },
  {
    "type": "construction",
    "id": "constr_dig_hmtree",
    "skill": "survival",
    "group": "dig_up_a_tree_or_bush",
    "category": "DIG",
    "difficulty": 4,
    "time": "2h",
    "on_display": true,
     "qualities": [ {"id": "DIG", "level": 2} ],
	"tools": [ ["treespade"] ],
	"components": [
      [ [ "bag_canvas_replanting", 1 ] ],
      [ [ "water", 20 ] ]
    ],
	"pre_terrain": "t_tree_mulberry_harvested", 
    "post_terrain": "t_pit",
    "byproducts": [ { "item": "up_hmulberrytree", "count":1 } ],
    "activity_level": "MODERATE_EXERCISE",
    "do_turn_special": "do_turn_shovel"
  },
  {
    "type": "construction",
    "id": "constr_dig_etree",
    "skill": "survival",
    "group": "dig_up_a_tree_or_bush",
    "category": "DIG",
    "difficulty": 4,
    "time": "2h",
    "on_display": true,
     "qualities": [ {"id": "DIG", "level": 2} ],
	"tools": [ ["treespade"] ],
	"components": [
      [ [ "bag_canvas_replanting", 1 ] ],
      [ [ "water", 20 ] ]
    ],
	"pre_terrain": "t_tree_elderberry", 
    "post_terrain": "t_pit",
    "byproducts": [ { "item": "up_elderberrytree", "count":1 } ],
    "activity_level": "MODERATE_EXERCISE",
    "do_turn_special": "do_turn_shovel"
  },
  {
    "type": "construction",
    "id": "constr_dig_hetree",
    "skill": "survival",
    "group": "dig_up_a_tree_or_bush",
    "category": "DIG",
    "difficulty": 4,
    "time": "2h",
    "on_display": true,
    "qualities": [ {"id": "DIG", "level": 2} ],
	"tools": [ ["treespade"] ],
	"components": [
      [ [ "bag_canvas_replanting", 1 ] ],
      [ [ "water", 20 ] ]
    ],
	"pre_terrain": "t_tree_elderberry_harvested", 
    "post_terrain": "t_pit",
    "byproducts": [ { "item": "up_helderberrytree", "count":1 } ],
    "activity_level": "MODERATE_EXERCISE",
    "do_turn_special": "do_turn_shovel"
  },
  
  
  
  
  
  
  
  
  
  
   {
    "type": "construction",
    "id": "constr_manualdig_atree",
    "skill": "survival",
    "group": "dig_up_a_tree_or_bush",
    "category": "DIG",
    "difficulty": 4,
	"//": "Digging up a tree requires more specific plant knowledge than simply foraging or farming. Without it you'll just kill the tree and waste your time.",
    "time": "8h",
    "on_display": true,
    "qualities": [ {"id": "DIG", "level": 2} ],
	"components": [
      [ [ "bag_canvas_replanting", 1 ] ],
      [ [ "water", 20 ] ]
    ],
	"pre_terrain": "t_tree_apple",
    "post_terrain": "t_pit",
    "byproducts": [ { "item": "up_appletree", "count":1 } ],
    "activity_level": "ACTIVE_EXERCISE",
    "do_turn_special": "do_turn_shovel"
  },
{
    "type": "construction",
    "id": "constr_manualdig_hatree",
    "skill": "survival",
    "group": "dig_up_a_tree_or_bush",
    "category": "DIG",
    "difficulty": 4,
    "time": "8h",
    "on_display": true,
    "qualities": [ {"id": "DIG", "level": 2} ],
	"components": [
      [ [ "bag_canvas_replanting", 1 ] ],
      [ [ "water", 20 ] ]
    ],
	"pre_terrain": "t_tree_apple_harvested",
    "post_terrain": "t_pit",
    "byproducts": [ { "item": "up_happletree", "count":1 } ],
    "activity_level": "ACTIVE_EXERCISE",
    "do_turn_special": "do_turn_shovel"
  },
  {
    "type": "construction",
    "id": "constr_manualdig_prtree",
    "skill": "survival",
    "group": "dig_up_a_tree_or_bush",
    "category": "DIG",
    "difficulty": 4,
    "time": "8h",
    "on_display": true,
     "qualities": [ {"id": "DIG", "level": 2} ],
	"components": [
      [ [ "bag_canvas_replanting", 1 ] ],
      [ [ "water", 20 ] ]
    ],
	"pre_terrain": "t_tree_pear",
    "post_terrain": "t_pit",
    "byproducts": [ { "item": "up_peartree", "count":1 } ],
    "activity_level": "ACTIVE_EXERCISE",
    "do_turn_special": "do_turn_shovel"
  },
  {
    "type": "construction",
    "id": "constr_manualdig_hprtree",
    "skill": "survival",
    "group": "dig_up_a_tree_or_bush",
    "category": "DIG",
    "difficulty": 4,
    "time": "8h",
    "on_display": true,
     "qualities": [ {"id": "DIG", "level": 2} ],
	"components": [
      [ [ "bag_canvas_replanting", 1 ] ],
      [ [ "water", 20 ] ]
    ],
	"pre_terrain": "t_tree_pear_harvested",
    "post_terrain": "t_pit",
    "byproducts": [ { "item": "up_hpeartree", "count":1 } ],
    "activity_level": "ACTIVE_EXERCISE",
    "do_turn_special": "do_turn_shovel"
  },
  {
    "type": "construction",
    "id": "constr_manualdig_ctree",
    "skill": "survival",
    "group": "dig_up_a_tree_or_bush",
    "category": "DIG",
    "difficulty": 4,
    "time": "8h",
    "on_display": true,
    "qualities": [ {"id": "DIG", "level": 2} ],
	"components": [
      [ [ "bag_canvas_replanting", 1 ] ],
      [ [ "water", 20 ] ]
    ],
	"pre_terrain": "t_tree_cherry", 
    "post_terrain": "t_pit",
    "byproducts": [ { "item": "up_cherrytree", "count":1 } ],
    "activity_level": "ACTIVE_EXERCISE",
    "do_turn_special": "do_turn_shovel"
  },
  {
    "type": "construction",
    "id": "constr_manualdig_hctree",
    "skill": "survival",
    "group": "dig_up_a_tree_or_bush",
    "category": "DIG",
    "difficulty": 4,
    "time": "8h",
    "on_display": true,
	 "qualities": [ {"id": "DIG", "level": 2} ],
	"components": [
      [ [ "bag_canvas_replanting", 1 ] ],
      [ [ "water", 20 ] ]
    ],
	"pre_terrain": "t_tree_cherry_harvested", 
    "post_terrain": "t_pit",
    "byproducts": [ { "item": "up_hcherrytree", "count":1 } ],
    "activity_level": "ACTIVE_EXERCISE",
    "do_turn_special": "do_turn_shovel"
  },
{
    "type": "construction",
    "id": "constr_manualdig_petree",
    "skill": "survival",
    "group": "dig_up_a_tree_or_bush",
    "category": "DIG",
    "difficulty": 4,
    "time": "8h",
    "on_display": true,
     "qualities": [ {"id": "DIG", "level": 2} ],
	"components": [
      [ [ "bag_canvas_replanting", 1 ] ],
      [ [ "water", 20 ] ]
    ],
	"pre_terrain": "t_tree_peach", 
    "post_terrain": "t_pit",
    "byproducts": [ { "item": "up_peachtree", "count":1 } ],
    "activity_level": "ACTIVE_EXERCISE",
    "do_turn_special": "do_turn_shovel"
  },
  {
    "type": "construction",
    "id": "constr_manualdig_cpetree",
    "skill": "survival",
    "group": "dig_up_a_tree_or_bush",
    "category": "DIG",
    "difficulty": 4,
    "time": "8h",
    "on_display": true,
     "qualities": [ {"id": "DIG", "level": 2} ],
	"components": [
      [ [ "bag_canvas_replanting", 1 ] ],
      [ [ "water", 20 ] ]
    ],
	"pre_terrain": "t_tree_peach_harvested", 
    "post_terrain": "t_pit",
    "byproducts": [ { "item": "up_hpeachtree", "count":1 } ],
    "activity_level": "ACTIVE_EXERCISE",
    "do_turn_special": "do_turn_shovel"
  },
{
    "type": "construction",
    "id": "constr_manualdig_aprtree",
    "skill": "survival",
    "group": "dig_up_a_tree_or_bush",
    "category": "DIG",
    "difficulty": 4,
    "time": "8h",
    "on_display": true,
     "qualities": [ {"id": "DIG", "level": 2} ],
	"components": [
      [ [ "bag_canvas_replanting", 1 ] ],
      [ [ "water", 20 ] ]
    ],
	"pre_terrain": "t_tree_apricot", 
    "post_terrain": "t_pit",
    "byproducts": [ { "item": "up_apricottree", "count":1 } ],
    "activity_level": "ACTIVE_EXERCISE",
    "do_turn_special": "do_turn_shovel"
  },
  {
    "type": "construction",
    "id": "constr_manualdig_haprtree",
    "skill": "survival",
    "group": "dig_up_a_tree_or_bush",
    "category": "DIG",
    "difficulty": 4,
    "time": "8h",
    "on_display": true,
     "qualities": [ {"id": "DIG", "level": 2} ],
	"components": [
      [ [ "bag_canvas_replanting", 1 ] ],
      [ [ "water", 20 ] ]
    ],
	"pre_terrain": "t_tree_apricot_harvested", 
    "post_terrain": "t_pit",
    "byproducts": [ { "item": "up_hapricottree", "count":1 } ],
    "activity_level": "ACTIVE_EXERCISE",
    "do_turn_special": "do_turn_shovel"
  },
  {
    "type": "construction",
    "id": "constr_manualdig_ptree",
    "skill": "survival",
    "group": "dig_up_a_tree_or_bush",
    "category": "DIG",
    "difficulty": 4,
    "time": "8h",
    "on_display": true,
    "qualities": [ {"id": "DIG", "level": 2} ],
	"components": [
      [ [ "bag_canvas_replanting", 1 ] ],
      [ [ "water", 20 ] ]
    ],
	"pre_terrain": "t_tree_plum", 
    "post_terrain": "t_pit",
    "byproducts": [ { "item": "up_plumtree", "count":1 } ],
    "activity_level": "ACTIVE_EXERCISE",
    "do_turn_special": "do_turn_shovel"
  },
  {
    "type": "construction",
    "id": "constr_manualdig_hptree",
    "skill": "survival",
    "group": "dig_up_a_tree_or_bush",
    "category": "DIG",
    "difficulty": 4,
    "time": "8h",
    "on_display": true,
    "qualities": [ {"id": "DIG", "level": 2} ],
	"components": [
      [ [ "bag_canvas_replanting", 1 ] ],
      [ [ "water", 20 ] ]
    ],
	"pre_terrain": "t_tree_plum_harvested", 
    "post_terrain": "t_pit",
    "byproducts": [ { "item": "up_hplumtree", "count":1 } ],
    "activity_level": "ACTIVE_EXERCISE",
    "do_turn_special": "do_turn_shovel"
  },
  {
    "type": "construction",
    "id": "constr_manualdig_mtree",
    "skill": "survival",
    "group": "dig_up_a_tree_or_bush",
    "category": "DIG",
    "difficulty": 4,
    "time": "8h",
    "on_display": true,
    "qualities": [ {"id": "DIG", "level": 2} ],
	"components": [
      [ [ "bag_canvas_replanting", 1 ] ],
      [ [ "water", 20 ] ]
    ],
	"pre_terrain": "t_tree_mulberry", 
    "post_terrain": "t_pit",
    "byproducts": [ { "item": "up_mulberrytree", "count":1 } ],
    "activity_level": "ACTIVE_EXERCISE",
    "do_turn_special": "do_turn_shovel"
  },
  {
    "type": "construction",
    "id": "constr_manualdig_hmtree",
    "skill": "survival",
    "group": "dig_up_a_tree_or_bush",
    "category": "DIG",
    "difficulty": 4,
    "time": "8h",
    "on_display": true,
     "qualities": [ {"id": "DIG", "level": 2} ],
	"components": [
      [ [ "bag_canvas_replanting", 1 ] ],
      [ [ "water", 20 ] ]
    ],
	"pre_terrain": "t_tree_mulberry_harvested", 
    "post_terrain": "t_pit",
    "byproducts": [ { "item": "up_hmulberrytree", "count":1 } ],
    "activity_level": "ACTIVE_EXERCISE",
    "do_turn_special": "do_turn_shovel"
  },
  {
    "type": "construction",
    "id": "constr_manualdig_etree",
    "skill": "survival",
    "group": "dig_up_a_tree_or_bush",
    "category": "DIG",
    "difficulty": 4,
    "time": "8h",
    "on_display": true,
     "qualities": [ {"id": "DIG", "level": 2} ],
	"components": [
      [ [ "bag_canvas_replanting", 1 ] ],
      [ [ "water", 20 ] ]
    ],
	"pre_terrain": "t_tree_elderberry", 
    "post_terrain": "t_pit",
    "byproducts": [ { "item": "up_elderberrytree", "count":1 } ],
    "activity_level": "ACTIVE_EXERCISE",
    "do_turn_special": "do_turn_shovel"
  },
  {
    "type": "construction",
    "id": "constr_manualdig_hetree",
    "skill": "survival",
    "group": "dig_up_a_tree_or_bush",
    "category": "DIG",
    "difficulty": 4,
    "time": "8h",
    "on_display": true,
    "qualities": [ {"id": "DIG", "level": 2} ],
	"tools": [ ["treespade"] ],
	"components": [
      [ [ "bag_canvas_replanting", 1 ] ],
      [ [ "water", 20 ] ]
    ],
	"pre_terrain": "t_tree_elderberry_harvested", 
    "post_terrain": "t_pit",
    "byproducts": [ { "item": "up_helderberrytree", "count":1 } ],
    "activity_level": "ACTIVE_EXERCISE",
    "do_turn_special": "do_turn_shovel"
  },
  
  
  
  
  
  
  
  
  
  
  
  
  
  {
    "type": "construction",
    "id": "constr_dig_blbush",
    "skill": "survival",
    "group": "dig_up_a_tree_or_bush",
    "category": "DIG",
    "difficulty": 3,
	"//": "Digging up a bush requires more specific plant knowledge than simply foraging or farming. Without it you'll just kill the bush and waste your time.",
    "time": "1h 30 m",
    "on_display": true,
    "qualities": [ {"id": "DIG", "level": 2} ],
	"pre_terrain": "t_shrub_blueberry", 
    "post_terrain": "t_dirt",
    "byproducts":  [ { "item": "up_blueberrybush", "count":1 } ],
    "activity_level": "MODERATE_EXERCISE",
    "do_turn_special": "do_turn_shovel"
  },
 {
    "type": "construction",
    "id": "constr_dig_hblbush",
    "skill": "survival",
    "group": "dig_up_a_tree_or_bush",
    "category": "DIG",
    "difficulty": 3,
    "time": "1h 30 m",
    "on_display": true,
    "qualities": [ {"id": "DIG", "level": 2} ],
	"pre_terrain": "t_shrub_blueberry_harvested", 
    "post_terrain": "t_dirt",
    "byproducts":  [ { "item": "up_hblueberrybush", "count":1 } ],
    "activity_level": "MODERATE_EXERCISE",
    "do_turn_special": "do_turn_shovel"
  },
  
 {
    "type": "construction",
    "id": "constr_dig_stbush",
    "skill": "survival",
    "group": "dig_up_a_tree_or_bush",
    "category": "DIG",
    "difficulty": 3,
    "time": "1h 30 m",
    "on_display": true,
    "qualities": [ {"id": "DIG", "level": 2} ],
	"pre_terrain": "t_shrub_strawberry", 
    "post_terrain": "t_dirt",
    "byproducts":  [ { "item": "up_strawberrybush", "count":1 } ],
    "activity_level": "MODERATE_EXERCISE",
    "do_turn_special": "do_turn_shovel"
  },
 {
    "type": "construction",
    "id": "constr_dig_hstbush",
    "skill": "survival",
    "group": "dig_up_a_tree_or_bush",
    "category": "DIG",
    "difficulty": 3,
    "time": "1h 30 m",
    "on_display": true,
    "qualities": [ {"id": "DIG", "level": 2} ],
	"pre_terrain": "t_shrub_strawberry_harvested", 
    "post_terrain": "t_dirt",
    "byproducts":  [ { "item": "up_hstrawberrybush", "count":1 } ],
    "activity_level": "MODERATE_EXERCISE",
    "do_turn_special": "do_turn_shovel"
  },
  
  {
    "type": "construction",
    "id": "constr_dig_blabush",
    "skill": "survival",
    "group": "dig_up_a_tree_or_bush",
    "category": "DIG",
    "difficulty": 3,
    "time": "1h 30 m",
    "on_display": true,
    "qualities": [ {"id": "DIG", "level": 2} ],
	"pre_terrain": "t_shrub_blackberry", 
    "post_terrain": "t_dirt",
    "byproducts":  [ { "item": "up_blackberrybush", "count":1 } ],
    "activity_level": "MODERATE_EXERCISE",
    "do_turn_special": "do_turn_shovel"
  },
 {
    "type": "construction",
    "id": "constr_dig_hblabush",
    "skill": "survival",
    "group": "dig_up_a_tree_or_bush",
    "category": "DIG",
    "difficulty": 3,
    "time": "1h 30 m",
    "on_display": true,
    "qualities": [ {"id": "DIG", "level": 2} ],
	"pre_terrain": "t_shrub_blackberry_harvested", 
    "post_terrain": "t_dirt",
    "byproducts":  [ { "item": "up_hblackberrybush", "count":1 } ],
    "activity_level": "MODERATE_EXERCISE",
    "do_turn_special": "do_turn_shovel"
  },
  
  {
    "type": "construction",
    "id": "constr_dig_hbush",
    "skill": "survival",
    "group": "dig_up_a_tree_or_bush",
    "category": "DIG",
    "difficulty": 3,
    "time": "1h 30 m",
    "on_display": true,
    "qualities": [ {"id": "DIG", "level": 2} ],
	"pre_terrain": "t_shrub_huckleberry", 
    "post_terrain": "t_dirt",
    "byproducts":  [ { "item": "up_huckleberrybush", "count":1 } ],
    "activity_level": "MODERATE_EXERCISE",
    "do_turn_special": "do_turn_shovel"
  },
 {
    "type": "construction",
    "id": "constr_dig_hhbush",
    "skill": "survival",
    "group": "dig_up_a_tree_or_bush",
    "category": "DIG",
    "difficulty": 3,
    "time": "1h 30 m",
    "on_display": true,
    "qualities": [ {"id": "DIG", "level": 2} ],
	"pre_terrain": "t_shrub_huckleberry_harvested", 
    "post_terrain": "t_dirt",
    "byproducts":  [ { "item": "up_hhuckleberrybush", "count":1 } ],
    "activity_level": "MODERATE_EXERCISE",
    "do_turn_special": "do_turn_shovel"
  },
  
   {
    "type": "construction",
    "id": "constr_dig_rbush",
    "skill": "survival",
    "group": "dig_up_a_tree_or_bush",
    "category": "DIG",
    "difficulty": 3,
    "time": "1h 30 m",
    "on_display": true,
    "qualities": [ {"id": "DIG", "level": 2} ],
	"pre_terrain": "t_shrub_raspberry", 
    "post_terrain": "t_dirt",
    "byproducts":  [ { "item": "up_raspberrybush", "count":1 } ],
    "activity_level": "MODERATE_EXERCISE",
    "do_turn_special": "do_turn_shovel"
  },
 {
    "type": "construction",
    "id": "constr_dig_hrbush",
    "skill": "survival",
    "group": "dig_up_a_tree_or_bush",
    "category": "DIG",
    "difficulty": 3,
    "time": "1h 30 m",
    "on_display": true,
    "qualities": [ {"id": "DIG", "level": 2} ],
	"pre_terrain": "t_shrub_raspberry_harvested", 
    "post_terrain": "t_dirt",
    "byproducts":  [ { "item": "up_hraspberrybush", "count":1 } ],
    "activity_level": "MODERATE_EXERCISE",
    "do_turn_special": "do_turn_shovel"
  },
  
    {
    "type": "construction",
    "id": "constr_dig_gbush",
    "skill": "survival",
    "group": "dig_up_a_tree_or_bush",
    "category": "DIG",
    "difficulty": 3,
    "time": "1h 30 m",
    "on_display": true,
    "qualities": [ {"id": "DIG", "level": 2} ],
	"pre_terrain": "t_shrub_grape", 
    "post_terrain": "t_dirt",
    "byproducts":  [ { "item": "up_grapebush", "count":1 } ],
    "activity_level": "MODERATE_EXERCISE",
    "do_turn_special": "do_turn_shovel"
  },
 {
    "type": "construction",
    "id": "constr_dig_hgbush",
    "skill": "survival",
    "group": "dig_up_a_tree_or_bush",
    "category": "DIG",
    "difficulty": 3,
    "time": "1h 30 m",
    "on_display": true,
    "qualities": [ {"id": "DIG", "level": 2} ],
	"pre_terrain": "t_shrub_grape_harvested", 
    "post_terrain": "t_dirt",
    "byproducts":  [ { "item": "up_hgrapebush", "count":1 } ],
    "activity_level": "MODERATE_EXERCISE",
    "do_turn_special": "do_turn_shovel"
  },
  
  
 
 
 
 
 
 
 
  
  
   {
    "type": "construction",
    "id": "constr_replant_atree",
    "skill": "survival",
    "group": "replant_a_tree_or_bush",
    "category": "REPLANT",
    "difficulty": 4,
	"//": "Replanting a tree requires more specific plant knowledge than simply foraging or farming. If you don't take adequate care, you'll damage the root system, plant it crooked, or leave it to dry out and die.",
    "time": "3h",
    "on_display": true,
  "qualities": [ {"id": "DIG", "level": 2} ],
	"tools": [ ["treespade"] ],
	"components": [
      [ [ "material_soil", 200 ] ],
      [ [ "water", 20 ] ],
	  [ [ "up_appletree", 1] ]
    ],
	  "byproducts": [ { "item": "bag_canvas_replanting", "count":1 } ],
	"pre_terrain": "t_pit",
    "post_terrain": "t_tree_apple",
    "activity_level": "MODERATE_EXERCISE"
  },
{
    "type": "construction",
    "id": "constr_replant_hatree",
    "skill": "survival",
    "group": "replant_a_tree_or_bush",
    "category": "REPLANT",
    "difficulty": 4,
    "time": "3h",
    "on_display": true,
  "qualities": [ {"id": "DIG", "level": 2} ],
	"tools": [ ["treespade"] ],
	"components": [
      [ [ "material_soil", 200 ] ],
      [ [ "water", 20 ] ],
	  [ [ "up_happletree", 1] ]
    ],
	  "byproducts": [ { "item": "bag_canvas_replanting", "count":1 } ],
	"pre_terrain": "t_pit",
    "post_terrain": "t_tree_apple_harvested",
    "activity_level": "MODERATE_EXERCISE"
  },
  
   {
    "type": "construction",
    "id": "constr_replant_prtree",
    "skill": "survival",
    "group": "replant_a_tree_or_bush",
    "category": "REPLANT",
    "difficulty": 4,
    "time": "3h",
    "on_display": true,
  "qualities": [ {"id": "DIG", "level": 2} ],
	"tools": [ ["treespade"] ],
	"components": [
      [ [ "material_soil", 200 ] ],
      [ [ "water", 20 ] ],
	  [ [ "up_peartree", 1] ]
    ],
	  "byproducts": [ { "item": "bag_canvas_replanting", "count":1 } ],
	"pre_terrain": "t_pit",
    "post_terrain": "t_tree_pear",
    "activity_level": "MODERATE_EXERCISE"
  },
{
    "type": "construction",
    "id": "constr_replant_hprtree",
    "skill": "survival",
    "group": "replant_a_tree_or_bush",
    "category": "REPLANT",
    "difficulty": 4,
    "time": "3h",
    "on_display": true,
  "qualities": [ {"id": "DIG", "level": 2} ],
	"tools": [ ["treespade"] ],
	"components": [
      [ [ "material_soil", 200 ] ],
      [ [ "water", 20 ] ],
	  [ [ "up_hpeartree", 1] ]
    ],
	  "byproducts": [ { "item": "bag_canvas_replanting", "count":1 } ],
	"pre_terrain": "t_pit",
    "post_terrain": "t_tree_pear_harvested",
    "activity_level": "MODERATE_EXERCISE"
  },
  
  {
    "type": "construction",
    "id": "constr_replant_ctree",
    "skill": "survival",
    "group": "replant_a_tree_or_bush",
    "category": "REPLANT",
    "difficulty": 4,
    "time": "3h",
    "on_display": true,
   "qualities": [ {"id": "DIG", "level": 2} ],
	"tools": [ ["treespade"] ],
	"components": [
      [ [ "material_soil", 200 ] ],
      [ [ "water", 20 ] ],
	  [ [ "up_cherrytree", 1] ]
    ],
	  "byproducts": [ { "item": "bag_canvas_replanting", "count":1 } ],
	"pre_terrain": "t_pit",
    "post_terrain": "t_tree_cherry",
    "activity_level": "MODERATE_EXERCISE"
  },
{
    "type": "construction",
    "id": "constr_replant_hctree",
    "skill": "survival",
    "group": "replant_a_tree_or_bush",
    "category": "REPLANT",
    "difficulty": 4,
    "time": "3h",
    "on_display": true,
    "qualities": [ {"id": "DIG", "level": 2} ],
	"tools": [ ["treespade"] ],
	"components": [
      [ [ "material_soil", 200 ] ],
      [ [ "water", 20 ] ],
	  [ [ "up_hcherrytree", 1] ]
    ],
	  "byproducts": [ { "item": "bag_canvas_replanting", "count":1 } ],
	"pre_terrain": "t_pit",
    "post_terrain": "t_tree_cherry_harvested",
    "activity_level": "MODERATE_EXERCISE"
  },
  
  {
    "type": "construction",
    "id": "constr_replant_petree",
    "skill": "survival",
    "group": "replant_a_tree_or_bush",
    "category": "REPLANT",
    "difficulty": 4,
    "time": "3h",
    "on_display": true,
   "qualities": [ {"id": "DIG", "level": 2} ],
	"tools": [ ["treespade"] ],
	"components": [
      [ [ "material_soil", 200 ] ],
      [ [ "water", 20 ] ],
	  [ [ "up_peachtree", 1] ]
    ],
	  "byproducts": [ { "item": "bag_canvas_replanting", "count":1 } ],
	"pre_terrain": "t_pit",
    "post_terrain": "t_tree_peach",
    "activity_level": "MODERATE_EXERCISE"
  },
{
    "type": "construction",
    "id": "constr_replant_hpetree",
    "skill": "survival",
    "group": "replant_a_tree_or_bush",
    "category": "REPLANT",
    "difficulty": 4,
    "time": "3h",
    "on_display": true,
   "qualities": [ {"id": "DIG", "level": 2} ],
	"tools": [ ["treespade"] ],
	"components": [
      [ [ "material_soil", 200 ] ],
      [ [ "water", 20 ] ],
	  [ [ "up_hpeachtree", 1] ]
    ],
	  "byproducts": [ { "item": "bag_canvas_replanting", "count":1 } ],
	"pre_terrain": "t_pit",
    "post_terrain": "t_tree_peach_harvested",
    "activity_level": "MODERATE_EXERCISE"
  },
  
  {
    "type": "construction",
    "id": "constr_replant_aprtree",
    "skill": "survival",
    "group": "replant_a_tree_or_bush",
    "category": "REPLANT",
    "difficulty": 4,
    "time": "3h",
    "on_display": true,
   "qualities": [ {"id": "DIG", "level": 2} ],
	"tools": [ ["treespade"] ],
	"components": [
      [ [ "material_soil", 200 ] ],
      [ [ "water", 20 ] ],
	  [ [ "up_apricottree", 1] ]
    ],
	  "byproducts": [ { "item": "bag_canvas_replanting", "count":1 } ],
	"pre_terrain": "t_pit",
    "post_terrain": "t_tree_apricot",
    "activity_level": "MODERATE_EXERCISE"
  },
{
    "type": "construction",
    "id": "constr_replant_haprtree",
    "skill": "survival",
    "group": "replant_a_tree_or_bush",
    "category": "REPLANT",
    "difficulty": 4,
    "time": "3h",
    "on_display": true,
   "qualities": [ {"id": "DIG", "level": 2} ],
	"tools": [ ["treespade"] ],
	"components": [
      [ [ "material_soil", 200 ] ],
      [ [ "water", 20 ] ],
	  [ [ "up_hapricottree", 1] ]
    ],
	  "byproducts": [ { "item": "bag_canvas_replanting", "count":1 } ],
	"pre_terrain": "t_pit",
    "post_terrain": "t_tree_apricot_harvested",
    "activity_level": "MODERATE_EXERCISE"
  },
  
   {
    "type": "construction",
    "id": "constr_replant_pltree",
    "skill": "survival",
    "group": "replant_a_tree_or_bush",
    "category": "REPLANT",
    "difficulty": 4,
    "time": "3h",
    "on_display": true,
    "qualities": [ {"id": "DIG", "level": 2} ],
	"tools": [ ["treespade"] ],
	"components": [
      [ [ "material_soil", 200 ] ],
      [ [ "water", 20 ] ],
	  [ [ "up_plumtree", 1] ]
    ],
	  "byproducts": [ { "item": "bag_canvas_replanting", "count":1 } ],
	"pre_terrain": "t_pit",
    "post_terrain": "t_tree_plum",
    "activity_level": "MODERATE_EXERCISE"
  },
{
    "type": "construction",
    "id": "constr_replant_hpltree",
    "skill": "survival",
    "group": "replant_a_tree_or_bush",
    "category": "REPLANT",
    "difficulty": 4,
    "time": "3h",
    "on_display": true,
   "qualities": [ {"id": "DIG", "level": 2} ],
	"tools": [ ["treespade"] ],
	"components": [
      [ [ "material_soil", 200 ] ],
      [ [ "water", 20 ] ],
	  [ [ "up_hplumtree", 1] ]
    ],
	  "byproducts": [ { "item": "bag_canvas_replanting", "count":1 } ],
	"pre_terrain": "t_pit",
    "post_terrain": "t_tree_plum_harvested",
    "activity_level": "MODERATE_EXERCISE"
  },
  
   {
    "type": "construction",
    "id": "constr_replant_mtree",
    "skill": "survival",
    "group": "replant_a_tree_or_bush",
    "category": "REPLANT",
    "difficulty": 4,
    "time": "3h",
    "on_display": true,
    "qualities": [ {"id": "DIG", "level": 2} ],
	"tools": [ ["treespade"] ],
	"components": [
      [ [ "material_soil", 200 ] ],
      [ [ "water", 20 ] ],
	  [ [ "up_mulberrytree", 1] ]
    ],
	  "byproducts": [ { "item": "bag_canvas_replanting", "count":1 } ],
	"pre_terrain": "t_pit",
    "post_terrain": "t_tree_mulberry",
    "activity_level": "MODERATE_EXERCISE"
  },
{
    "type": "construction",
    "id": "constr_replant_hmtree",
    "skill": "survival",
    "group": "replant_a_tree_or_bush",
    "category": "REPLANT",
    "difficulty": 4,
    "time": "3h",
    "on_display": true,
   "qualities": [ {"id": "DIG", "level": 2} ],
	"tools": [ ["treespade"] ],
	"components": [
      [ [ "material_soil", 200 ] ],
      [ [ "water", 20 ] ],
	  [ [ "up_hmulberrytree", 1] ]
    ],
	  "byproducts": [ { "item": "bag_canvas_replanting", "count":1 } ],
	"pre_terrain": "t_pit",
    "post_terrain": "t_tree_mulberry_harvested",
    "activity_level": "MODERATE_EXERCISE"
  },
  
  {
    "type": "construction",
    "id": "constr_replant_etree",
    "skill": "survival",
    "group": "replant_a_tree_or_bush",
    "category": "REPLANT",
    "difficulty": 4,
    "time": "3h",
    "on_display": true,
   "qualities": [ {"id": "DIG", "level": 2} ],
	"tools": [ ["treespade"] ],
	"components": [
      [ [ "material_soil", 200 ] ],
      [ [ "water", 20 ] ],
	  [ [ "up_elderberrytree", 1] ]
    ],
	  "byproducts": [ { "item": "bag_canvas_replanting", "count":1 } ],
	"pre_terrain": "t_pit",
    "post_terrain": "t_tree_elderberry",
    "activity_level": "MODERATE_EXERCISE"
  },
{
    "type": "construction",
    "id": "constr_replant_hetree",
    "skill": "survival",
    "group": "replant_a_tree_or_bush",
    "category": "REPLANT",
    "difficulty": 4,
    "time": "3h",
    "on_display": true,
   "qualities": [ {"id": "DIG", "level": 2} ],
	"tools": [ ["treespade"] ],
	"components": [
      [ [ "material_soil", 200 ] ],
      [ [ "water", 20 ] ],
	  [ [ "up_helderberrytree", 1] ]
    ],
	  "byproducts": [ { "item": "bag_canvas_replanting", "count":1 } ],
	"pre_terrain": "t_pit",
    "post_terrain": "t_tree_elderberry_harvested",
    "activity_level": "MODERATE_EXERCISE"
  },
  
  
  
  
  
  
   {
    "type": "construction",
    "id": "constr_manualreplant_atree",
    "skill": "survival",
    "group": "replant_a_tree_or_bush",
    "category": "REPLANT",
    "difficulty": 4,
	"//": "Replanting a tree by hand is extremely difficult due to the weight and size of the tree. It takes a long time accordingly.",
    "time": "8h",
    "on_display": true,
  "qualities": [ {"id": "DIG", "level": 2} ],
	"components": [
      [ [ "material_soil", 200 ] ],
      [ [ "water", 20 ] ],
	  [ [ "up_appletree", 1] ]
    ],
	  "byproducts": [ { "item": "bag_canvas_replanting", "count":1 } ],
	"pre_terrain": "t_pit",
    "post_terrain": "t_tree_apple",
    "activity_level": "EXTRA_EXERCISE"
  },
{
    "type": "construction",
    "id": "constr_manualreplant_hatree",
    "skill": "survival",
    "group": "replant_a_tree_or_bush",
    "category": "REPLANT",
    "difficulty": 4,
    "time": "8h",
    "on_display": true,
  "qualities": [ {"id": "DIG", "level": 2} ],
	"components": [
      [ [ "material_soil", 200 ] ],
      [ [ "water", 20 ] ],
	  [ [ "up_happletree", 1] ]
    ],
	  "byproducts": [ { "item": "bag_canvas_replanting", "count":1 } ],
	"pre_terrain": "t_pit",
    "post_terrain": "t_tree_apple_harvested",
    "activity_level": "EXTRA_EXERCISE"
  },
  
   {
    "type": "construction",
    "id": "constr_manualreplant_prtree",
    "skill": "survival",
    "group": "replant_a_tree_or_bush",
    "category": "REPLANT",
    "difficulty": 4,
    "time": "8h",
    "on_display": true,
  "qualities": [ {"id": "DIG", "level": 2} ],
	"components": [
      [ [ "material_soil", 200 ] ],
      [ [ "water", 20 ] ],
	  [ [ "up_peartree", 1] ]
    ],
	  "byproducts": [ { "item": "bag_canvas_replanting", "count":1 } ],
	"pre_terrain": "t_pit",
    "post_terrain": "t_tree_pear",
    "activity_level": "EXTRA_EXERCISE"
  },
{
    "type": "construction",
    "id": "constr_manualreplant_hprtree",
    "skill": "survival",
    "group": "replant_a_tree_or_bush",
    "category": "REPLANT",
    "difficulty": 4,
    "time": "8h",
    "on_display": true,
  "qualities": [ {"id": "DIG", "level": 2} ],
	"components": [
      [ [ "material_soil", 200 ] ],
      [ [ "water", 20 ] ],
	  [ [ "up_hpeartree", 1] ]
    ],
	  "byproducts": [ { "item": "bag_canvas_replanting", "count":1 } ],
	"pre_terrain": "t_pit",
    "post_terrain": "t_tree_pear_harvested",
    "activity_level": "EXTRA_EXERCISE"
  },
  
  {
    "type": "construction",
    "id": "constr_manualreplant_ctree",
    "skill": "survival",
    "group": "replant_a_tree_or_bush",
    "category": "REPLANT",
    "difficulty": 4,
    "time": "8h",
    "on_display": true,
   "qualities": [ {"id": "DIG", "level": 2} ],
	"components": [
      [ [ "material_soil", 200 ] ],
      [ [ "water", 20 ] ],
	  [ [ "up_cherrytree", 1] ]
    ],
	  "byproducts": [ { "item": "bag_canvas_replanting", "count":1 } ],
	"pre_terrain": "t_pit",
    "post_terrain": "t_tree_cherry",
    "activity_level": "EXTRA_EXERCISE"
  },
{
    "type": "construction",
    "id": "constr_manualreplant_hctree",
    "skill": "survival",
    "group": "replant_a_tree_or_bush",
    "category": "REPLANT",
    "difficulty": 4,
    "time": "8h",
    "on_display": true,
    "qualities": [ {"id": "DIG", "level": 2} ],
	"components": [
      [ [ "material_soil", 200 ] ],
      [ [ "water", 20 ] ],
	  [ [ "up_hcherrytree", 1] ]
    ],
	  "byproducts": [ { "item": "bag_canvas_replanting", "count":1 } ],
	"pre_terrain": "t_pit",
    "post_terrain": "t_tree_cherry_harvested",
    "activity_level": "EXTRA_EXERCISE"
  },
  
  {
    "type": "construction",
    "id": "constr_manualreplant_petree",
    "skill": "survival",
    "group": "replant_a_tree_or_bush",
    "category": "REPLANT",
    "difficulty": 4,
    "time": "8h",
    "on_display": true,
   "qualities": [ {"id": "DIG", "level": 2} ],
	"components": [
      [ [ "material_soil", 200 ] ],
      [ [ "water", 20 ] ],
	  [ [ "up_peachtree", 1] ]
    ],
	  "byproducts": [ { "item": "bag_canvas_replanting", "count":1 } ],
	"pre_terrain": "t_pit",
    "post_terrain": "t_tree_peach",
    "activity_level": "EXTRA_EXERCISE"
  },
{
    "type": "construction",
    "id": "constr_manualreplant_hpetree",
    "skill": "survival",
    "group": "replant_a_tree_or_bush",
    "category": "REPLANT",
    "difficulty": 4,
    "time": "8h",
    "on_display": true,
   "qualities": [ {"id": "DIG", "level": 2} ],
	"components": [
      [ [ "material_soil", 200 ] ],
      [ [ "water", 20 ] ],
	  [ [ "up_hpeachtree", 1] ]
    ],
	  "byproducts": [ { "item": "bag_canvas_replanting", "count":1 } ],
	"pre_terrain": "t_pit",
    "post_terrain": "t_tree_peach_harvested",
    "activity_level": "EXTRA_EXERCISE"
  },
  
  {
    "type": "construction",
    "id": "constr_manualreplant_aprtree",
    "skill": "survival",
    "group": "replant_a_tree_or_bush",
    "category": "REPLANT",
    "difficulty": 4,
    "time": "8h",
    "on_display": true,
   "qualities": [ {"id": "DIG", "level": 2} ],
	"components": [
      [ [ "material_soil", 200 ] ],
      [ [ "water", 20 ] ],
	  [ [ "up_apricottree", 1] ]
    ],
	  "byproducts": [ { "item": "bag_canvas_replanting", "count":1 } ],
	"pre_terrain": "t_pit",
    "post_terrain": "t_tree_apricot",
    "activity_level": "EXTRA_EXERCISE"
  },
{
    "type": "construction",
    "id": "constr_manualreplant_haprtree",
    "skill": "survival",
    "group": "replant_a_tree_or_bush",
    "category": "REPLANT",
    "difficulty": 4,
    "time": "8h",
    "on_display": true,
   "qualities": [ {"id": "DIG", "level": 2} ],
	"components": [
      [ [ "material_soil", 200 ] ],
      [ [ "water", 20 ] ],
	  [ [ "up_hapricottree", 1] ]
    ],
	  "byproducts": [ { "item": "bag_canvas_replanting", "count":1 } ],
	"pre_terrain": "t_pit",
    "post_terrain": "t_tree_apricot_harvested",
    "activity_level": "EXTRA_EXERCISE"
  },
  
   {
    "type": "construction",
    "id": "constr_manualreplant_pltree",
    "skill": "survival",
    "group": "replant_a_tree_or_bush",
    "category": "REPLANT",
    "difficulty": 4,
    "time": "8h",
    "on_display": true,
    "qualities": [ {"id": "DIG", "level": 2} ],
	"components": [
      [ [ "material_soil", 200 ] ],
      [ [ "water", 20 ] ],
	  [ [ "up_plumtree", 1] ]
    ],
	  "byproducts": [ { "item": "bag_canvas_replanting", "count":1 } ],
	"pre_terrain": "t_pit",
    "post_terrain": "t_tree_plum",
    "activity_level": "EXTRA_EXERCISE"
  },
{
    "type": "construction",
    "id": "constr_manualreplant_hpltree",
    "skill": "survival",
    "group": "replant_a_tree_or_bush",
    "category": "REPLANT",
    "difficulty": 4,
    "time": "8h",
    "on_display": true,
   "qualities": [ {"id": "DIG", "level": 2} ],
	"components": [
      [ [ "material_soil", 200 ] ],
      [ [ "water", 20 ] ],
	  [ [ "up_hplumtree", 1] ]
    ],
	  "byproducts": [ { "item": "bag_canvas_replanting", "count":1 } ],
	"pre_terrain": "t_pit",
    "post_terrain": "t_tree_plum_harvested",
    "activity_level": "EXTRA_EXERCISE"
  },
  
   {
    "type": "construction",
    "id": "constr_manualreplant_mtree",
    "skill": "survival",
    "group": "replant_a_tree_or_bush",
    "category": "REPLANT",
    "difficulty": 4,
    "time": "8h",
    "on_display": true,
    "qualities": [ {"id": "DIG", "level": 2} ],
	"components": [
      [ [ "material_soil", 200 ] ],
      [ [ "water", 20 ] ],
	  [ [ "up_mulberrytree", 1] ]
    ],
	  "byproducts": [ { "item": "bag_canvas_replanting", "count":1 } ],
	"pre_terrain": "t_pit",
    "post_terrain": "t_tree_mulberry",
    "activity_level": "EXTRA_EXERCISE"
  },
{
    "type": "construction",
    "id": "constr_manualreplant_hmtree",
    "skill": "survival",
    "group": "replant_a_tree_or_bush",
    "category": "REPLANT",
    "difficulty": 4,
    "time": "8h",
    "on_display": true,
   "qualities": [ {"id": "DIG", "level": 2} ],
	"components": [
      [ [ "material_soil", 200 ] ],
      [ [ "water", 20 ] ],
	  [ [ "up_hmulberrytree", 1] ]
    ],
	  "byproducts": [ { "item": "bag_canvas_replanting", "count":1 } ],
	"pre_terrain": "t_pit",
    "post_terrain": "t_tree_mulberry_harvested",
    "activity_level": "EXTRA_EXERCISE"
  },
  
  {
    "type": "construction",
    "id": "constr_manualreplant_etree",
    "skill": "survival",
    "group": "replant_a_tree_or_bush",
    "category": "REPLANT",
    "difficulty": 4,
    "time": "8h",
    "on_display": true,
   "qualities": [ {"id": "DIG", "level": 2} ],
	"components": [
      [ [ "material_soil", 200 ] ],
      [ [ "water", 20 ] ],
	  [ [ "up_elderberrytree", 1] ]
    ],
	  "byproducts": [ { "item": "bag_canvas_replanting", "count":1 } ],
	"pre_terrain": "t_pit",
    "post_terrain": "t_tree_elderberry",
    "activity_level": "EXTRA_EXERCISE"
  },
{
    "type": "construction",
    "id": "constr_manualreplant_hetree",
    "skill": "survival",
    "group": "replant_a_tree_or_bush",
    "category": "REPLANT",
    "difficulty": 4,
    "time": "8h",
    "on_display": true,
   "qualities": [ {"id": "DIG", "level": 2} ],
	"components": [
      [ [ "material_soil", 200 ] ],
      [ [ "water", 20 ] ],
	  [ [ "up_helderberrytree", 1] ]
    ],
	  "byproducts": [ { "item": "bag_canvas_replanting", "count":1 } ],
	"pre_terrain": "t_pit",
    "post_terrain": "t_tree_elderberry_harvested",
    "activity_level": "EXTRA_EXERCISE"
  },
  
  
  
  
  
  
  
  
  
  
  
   {
    "type": "construction",
    "id": "constr_replant_blbush",
    "skill": "survival",
    "group": "replant_a_tree_or_bush",
    "category": "REPLANT",
    "difficulty": 2,
    "time": "1h 30m",
    "on_display": true,
    "qualities": [ {"id": "DIG", "level": 2} ],
	"components": [
	  [ [ "up_blueberrybush", 1] ]
    ],
	"pre_special": "check_empty",
    "post_terrain": "t_shrub_blueberry",
    "activity_level": "MODERATE_EXERCISE"
  },
{
    "type": "construction",
    "id": "constr_replant_hblbush",
    "skill": "survival",
    "group": "replant_a_tree_or_bush",
    "category": "REPLANT",
    "difficulty": 2,
    "time": "1h 30m",
    "on_display": true,
    "qualities": [ {"id": "DIG", "level": 2} ],
	"components": [
	  [ [ "up_hblueberrybush", 1] ]
    ],
	"pre_special": "check_empty",
    "post_terrain": "t_shrub_blueberry_harvested",
    "activity_level": "MODERATE_EXERCISE"
  },
  
   {
    "type": "construction",
    "id": "constr_replant_sbush",
    "skill": "survival",
    "group": "replant_a_tree_or_bush",
    "category": "REPLANT",
    "difficulty": 2,
    "time": "1h 30m",
    "on_display": true,
    "qualities": [ {"id": "DIG", "level": 2} ],
	"components": [
	  [ [ "up_strawberrybush", 1] ]
    ],
	"pre_special": "check_empty",
    "post_terrain": "t_shrub_strawberry",
    "activity_level": "MODERATE_EXERCISE"
  },
{
    "type": "construction",
    "id": "constr_replant_hsbush",
    "skill": "survival",
    "group": "replant_a_tree_or_bush",
    "category": "REPLANT",
    "difficulty": 2,
    "time": "1h 30m",
    "on_display": true,
    "qualities": [ {"id": "DIG", "level": 2} ],
	"components": [
	  [ [ "up_hstrawberrybush", 1] ]
    ],
	"pre_special": "check_empty",
    "post_terrain": "t_shrub_strawberry_harvested",
    "activity_level": "MODERATE_EXERCISE"
  },
  
   {
    "type": "construction",
    "id": "constr_replant_blabush",
    "skill": "survival",
    "group": "replant_a_tree_or_bush",
    "category": "REPLANT",
    "difficulty": 2,
    "time": "1h 30m",
    "on_display": true,
    "qualities": [ {"id": "DIG", "level": 2} ],
	"components": [
	  [ [ "up_blackberrybush", 1] ]
    ],
	"pre_special": "check_empty",
    "post_terrain": "t_shrub_blackberry",
    "activity_level": "MODERATE_EXERCISE"
  },
{
    "type": "construction",
    "id": "constr_replant_hblabush",
    "skill": "survival",
    "group": "replant_a_tree_or_bush",
    "category": "REPLANT",
    "difficulty": 2,
    "time": "1h 30m",
    "on_display": true,
    "qualities": [ {"id": "DIG", "level": 2} ],
	"components": [
	  [ [ "up_hblackberrybush", 1] ]
    ],
	"pre_special": "check_empty",
    "post_terrain": "t_shrub_blackberry_harvested",
    "activity_level": "MODERATE_EXERCISE"
  },
  
  {
    "type": "construction",
    "id": "constr_replant_hbush",
    "skill": "survival",
    "group": "replant_a_tree_or_bush",
    "category": "REPLANT",
    "difficulty": 2,
    "time": "1h 30m",
    "on_display": true,
    "qualities": [ {"id": "DIG", "level": 2} ],
	"components": [
	  [ [ "up_huckleberrybush", 1] ]
    ],
	"pre_special": "check_empty",
    "post_terrain": "t_shrub_huckleberry",
    "activity_level": "MODERATE_EXERCISE"
  },
{
    "type": "construction",
    "id": "constr_replant_hhbush",
    "skill": "survival",
    "group": "replant_a_tree_or_bush",
    "category": "REPLANT",
    "difficulty": 2,
    "time": "1h 30m",
    "on_display": true,
    "qualities": [ {"id": "DIG", "level": 2} ],
	"components": [
	  [ [ "up_hhuckleberrybush", 1] ]
    ],
	"pre_special": "check_empty",
    "post_terrain": "t_shrub_huckleberry_harvested",
    "activity_level": "MODERATE_EXERCISE"
  },
  
   {
    "type": "construction",
    "id": "constr_replant_rbush",
    "skill": "survival",
    "group": "replant_a_tree_or_bush",
    "category": "REPLANT",
    "difficulty": 2,
    "time": "1h 30m",
    "on_display": true,
    "qualities": [ {"id": "DIG", "level": 2} ],
	"components": [
	  [ [ "up_raspberrybush", 1] ]
    ],
	"pre_special": "check_empty",
    "post_terrain": "t_shrub_raspberry",
    "activity_level": "MODERATE_EXERCISE"
  },
{
    "type": "construction",
    "id": "constr_replant_hrbush",
    "skill": "survival",
    "group": "replant_a_tree_or_bush",
    "category": "REPLANT",
    "difficulty": 2,
    "time": "1h 30m",
    "on_display": true,
    "qualities": [ {"id": "DIG", "level": 2} ],
	"components": [
	  [ [ "up_hraspberrybush", 1] ]
    ],
	"pre_special": "check_empty",
    "post_terrain": "t_shrub_raspberry_harvested",
    "activity_level": "MODERATE_EXERCISE"
  },
  
   {
    "type": "construction",
    "id": "constr_replant_gbush",
    "skill": "survival",
    "group": "replant_a_tree_or_bush",
    "category": "REPLANT",
    "difficulty": 2,
    "time": "1h 30m",
    "on_display": true,
    "qualities": [ {"id": "DIG", "level": 2} ],
	"components": [
	  [ [ "up_grapebush", 1] ]
    ],
	"pre_special": "check_empty",
    "post_terrain": "t_shrub_grape",
    "activity_level": "MODERATE_EXERCISE"
  },
{
    "type": "construction",
    "id": "constr_replant_hgbush",
    "skill": "survival",
    "group": "replant_a_tree_or_bush",
    "category": "REPLANT",
    "difficulty": 2,
    "time": "1h 30m",
    "on_display": true,
    "qualities": [ {"id": "DIG", "level": 2} ],
	"components": [
	  [ [ "up_hgrapebush", 1] ]
    ],
	"pre_special": "check_empty",
    "post_terrain": "t_shrub_grape_harvested",
    "activity_level": "MODERATE_EXERCISE"
  }
  
]