[
 {
    "id": "bag_canvas_replanting",
    "type": "GENERIC",
    "category": "container",
    "name": { "str": "arboreal canvas sack" },
    "looks_like": "bag_plastic",
    "description": "An enormous canvas sack, big enough to wrap around a tree's rootball and keep it hydrated.",
    "weight": "1660 g",
    "volume": "20 L",
    "price": 0,
    "price_postapoc": 10,
    "to_hit": -5,
    "material": [ "canvas" ],
    "pocket_data": [ { "pocket_type": "CONTAINER", "max_contains_volume": "60 L", "max_contains_weight": "60 kg", "moves": 400 } ],
    "symbol": ")",
    "color": "brown",
    "flags": [ "COLLAPSE_CONTENTS" ]
  }


]