[

{
    "id": "supplies_farming",
    "type": "item_group",
    "//": "Consumable supplies excluding seeds used for farming or other agriculture",
    "items": [
      [ "fertilizer_commercial", 100 ],
      [ "fertilizer_liquid", 60 ],
      [ "material_quicklime", 80 ],
      { "item": "chem_saltpetre", "prob": 15, "charges-min": 10, "charges-max": 50 },
	  [ "bag_canvas_replanting", 40 ]
    ]
  },
  {
    "type": "item_group",
    "id": "hardware_bulk",
    "//": "large quantities of common building supplies.",
    "items": [
      { "item": "2x4", "prob": 100, "count": [ 5, 20 ] },
      { "item": "plank_short", "prob": 60, "count": [ 5, 25 ] },
      { "item": "plank_long", "prob": 40, "count": [ 2, 8 ] },
      { "item": "wood_beam", "prob": 50, "count": [ 1, 5 ] },
      { "item": "wooden_post", "prob": 85, "count": [ 5, 20 ] },
      { "item": "wooden_post_long", "prob": 35, "count": [ 2, 10 ] },
      { "item": "wooden_post_short", "prob": 60, "count": [ 5, 25 ] },
      { "item": "wood_sheet", "prob": 50, "count": [ 1, 4 ] },
      { "item": "wood_panel", "prob": 60, "count": [ 1, 8 ] },
      { "item": "wood_block", "prob": 100, "count": [ 5, 20 ] },
      { "item": "rock", "prob": 70, "count": [ 10, 20 ] },
      { "item": "coal_lump", "prob": 20, "count": [ 1, 10 ] },
      { "item": "material_cement", "prob": 100, "charges": 500, "container-item": "bag_canvas" },
      { "item": "material_sand", "prob": 100, "charges": 500, "container-item": "bag_canvas" },
      { "item": "material_gravel", "prob": 100, "charges": 500, "container-item": "bag_canvas" },
      [ "material_shrd_limestone", 70 ],
      [ "fertilizer_commercial", 100 ],
      [ "material_quicklime", 70 ],
      [ "concrete", 70 ],
      { "item": "nuts_bolts", "prob": 60, "charges": [ 15, 30 ], "container-item": "box_small" },
      { "item": "rope_6", "prob": 10 },
      { "item": "sheet_metal", "prob": 10 },
      { "item": "sheet_metal_small", "prob": 10 },
      { "item": "plastic_sheet", "prob": 30, "charges": [ 5, 10 ], "container-item": "box_small" },
      { "item": "polycarbonate_sheet", "prob": 20, "count": [ 3, 12 ] },
      { "item": "rebar", "prob": 40, "count": [ 5, 10 ] },
      { "item": "brick", "prob": 40, "count": [ 5, 10 ] },
      { "item": "pipe", "prob": 40, "count": [ 5, 10 ] },
      { "item": "wire", "prob": 40, "count": [ 5, 10 ] },
      { "item": "screen_mesh", "prob": 40, "count": [ 5, 10 ] },
      { "item": "spike", "prob": 40, "count": [ 5, 10 ] },
      { "item": "nail", "prob": 60, "count": [ 5, 20 ] },
      { "item": "hinge", "prob": 60, "count": [ 5, 10 ] },
      { "item": "tempered_glass_sheet", "prob": 30, "count": [ 5, 20 ] },
      { "item": "rigid_plastic_sheet", "prob": 30, "count": [ 5, 20 ] },
	  [ "bag_canvas_replanting", 40 ]
    ]
  },
    {
    "type": "item_group",
    "id": "lumberyard",
    "subtype": "collection",
    "items": [
      {
        "distribution": [
          { "item": "2x4", "prob": 500, "count": [ 20, 50 ] },
          { "item": "plank_short", "prob": 300, "count": [ 20, 50 ] },
          { "item": "plank_long", "prob": 80, "count": [ 5, 20 ] },
          { "item": "wood_block", "prob": 150, "count": [ 20, 100 ] },
          { "item": "wooden_post", "prob": 500, "count": [ 20, 50 ] },
          { "item": "wooden_post_long", "prob": 80, "count": [ 5, 20 ] },
          { "item": "wooden_post_short", "prob": 300, "count": [ 20, 50 ] },
          { "item": "wood_beam", "prob": 50, "count": [ 5, 20 ] },
          { "item": "wood_sheet", "prob": 400, "count": [ 10, 30 ] },
          { "item": "wood_panel", "prob": 300, "count": [ 15, 40 ] },
          { "item": "log", "prob": 200, "count": [ 5, 10 ] },
          { "item": "stick_long", "prob": 100, "count": [ 10, 20 ] },
          { "item": "stick", "prob": 50, "count": [ 5, 10 ] },
          { "item": "nail", "prob": 100, "count": [ 5, 20 ] }
        ],
        "prob": 100
      },
      [ "rigid_plastic_sheet", 50 ],
      [ "plastic_sheet", 50 ],
      [ "pine_bough", 10 ],
	  [ "bag_canvas_replanting", 40 ]
    ]
  },
  {
    "id": "supplies_hardware",
    "type": "item_group",
    "//": "General purpose supplies for building / blue collar work.",
    "//2": "Stuff you might find in a jobsite, a hardware store, or a home workshop.",
    "items": [
      { "item": "nuts_bolts", "prob": 80, "charges": [ 5, 10 ], "container-item": "box_small" },
      [ "concrete", 20 ],
      {
        "collection": [
          { "distribution": [ { "item": "rope_30", "prob": 70 }, { "item": "chain", "prob": 30 } ], "prob": 75 },
          { "item": "block_and_tackle", "prob": 100 }
        ],
        "prob": 15
      },
      { "item": "rebar", "prob": 20, "count": [ 5, 10 ] },
      { "item": "brick", "prob": 20, "count": [ 5, 10 ] },
      [ "solder_wire", 20 ],
      [ "superglue", 30 ],
      [ "rubber_cement", 25 ],
      [ "magnet", 10 ],
      [ "chain", 20 ],
      [ "rope_6", 4 ],
      [ "rope_30", 35 ],
      [ "circsaw_blade", 8 ],
      [ "glass_sheet", 5 ],
      [ "box_small_folded", 10 ],
      [ "box_medium_folded", 10 ],
      [ "box_large_folded", 10 ],
      [ "box_oversize_folded", 10 ],
      [ "plastic_sheet", 15 ],
      { "item": "plastic_sheet", "prob": 15, "charges": [ 5, 10 ], "container-item": "box_small" },
      { "item": "pipe", "prob": 20, "count": [ 5, 10 ] },
      { "item": "polycarbonate_sheet", "prob": 10, "count": [ 1, 3 ] },
      [ "vac_mold", 3 ],
      { "item": "nail", "prob": 60, "count": [ 2, 4 ] },
      [ "hose", 15 ],
      [ "string_36", 40 ],
      { "item": "22_blank", "prob": 30, "count": [ 1, 4 ] },
      [ "frame", 20 ],
      [ "hdframe", 10 ],
      [ "metal_tank", 10 ],
      [ "screen_mesh", 10 ],
      [ "metal_tank_little", 10 ],
      [ "water_faucet", 10 ],
      [ "wood_panel", 10 ],
      { "item": "wire", "prob": 50, "count": [ 1, 10 ] },
      { "item": "wire_barbed", "prob": 20, "count": [ 1, 10 ] },
      [ "duct_tape", 60 ],
      [ "compressor", 5 ],
      [ "foot_crank", 10 ],
      [ "spray_can", 50 ],
      [ "nitrogen_membrane_filter", 1 ],
      [ "hd_pipe", 5 ],
      [ "hd_pipe_fittings", 5 ],
      [ "hd_valve", 5 ],
      { "item": "gasket_plastic", "prob": 5, "count": [ 1, 3 ] },
      [ "pressure_gauge", 5 ],
      [ "pyrometer", 2 ],
      [ "hd_compressor", 1 ],
      [ "large_pressure_vessel", 1 ],
      [ "small_pressure_vessel", 1 ],
      [ "bearing", 1 ],
      { "group": "writing_utensils", "prob": 25 },
      [ "cu_pipe", 50 ],
      [ "fungicide", 5 ],
      [ "insecticide", 5 ],
      { "item": "charcoal", "prob": 5, "charges": [ 25, 50 ] },
      { "group": "ammo_pocket_batteries_full", "prob": 50 },
      [ "solar_cell", 5 ],
      [ "fertilizer_commercial", 30 ],
      [ "chem_sulphuric_acid", 30 ],
      [ "chem_muriatic_acid", 35 ],
      [ "peephole", 25 ],
      { "item": "chem_chromium_oxide", "prob": 5, "charges-min": 100 },
      { "item": "chem_zinc_powder", "prob": 5, "charges-min": 100 },
      [ "denat_alcohol", 3 ],
      [ "methed_alcohol", 2 ],
      [ "recharge_station", 10 ],
      [ "tarp", 15 ],
      [ "tempered_glass_sheet", 25 ],
      [ "rigid_plastic_sheet", 30 ],
      [ "gas_forge", 15 ],
	  [ "bag_canvas_replanting", 40 ],
      { "item": "chem_turpentine", "prob": 20, "charges-min": 20 },
      { "item": "silicone", "prob": 15, "charges-min": 29, "container-item": "squeeze_tube", "sealed": true },
      { "item": "silicone", "prob": 35, "charges-min": 8, "container-item": "squeeze_tube_small", "sealed": true }
    ]
  }
  
  ]
  