[
 {
    "type": "GENERIC",
	"category": "other",
    "id": "up_appletree",
    "name": { "str": "uprooted apple tree" },
    "description": "A tree that has been carefully dug out with its rootball carefully wrapped in soaked canvas to keep it from drying out. It is ready for hauling.",
    "weight": "1000 kg",
	"//": "Realistically, adult trees are impossibly heavy and huge and require specialized equipment to effectively move. Not even a cargo space could hold one of these.",
    "to_hit": -6,
	"symbol": "7",
    "color": "green",
    "material": [ "wood" ],
    "volume": "1000 L",
    "bashing": 25,
    "price": 12000,
    "price_postapoc": 250
  },
 {
    "type": "GENERIC",
	"category": "other",
    "id": "up_happletree",
    "name": { "str": "uprooted apple tree" },
    "description": "A tree that has been carefully dug out with its rootball carefully wrapped in soaked canvas to keep it from drying out. It is ready for hauling.",
    "weight": "1000 kg",
	"//": "Realistically, adult trees are impossibly heavy and huge and require specialized equipment to effectively move. Not even a cargo space could hold one of these.",
    "to_hit": -6,
	"symbol": "7",
    "color": "green",
    "material": [ "wood" ],
    "volume": "1000 L",
    "bashing": 25,
    "price": 12000,
    "price_postapoc": 250
  },
{
    "type": "GENERIC",
	"category": "other",
    "id": "up_peartree",
    "name": { "str": "uprooted pear tree" },
    "description": "A tree that has been carefully dug out with its rootball carefully wrapped in soaked canvas to keep it from drying out. It is ready for hauling.",
    "weight": "1000 kg",
	"//": "Realistically, adult trees are impossibly heavy and huge and require specialized equipment to effectively move. Not even a cargo space could hold one of these.",
    "to_hit": -6,
	"symbol": "7",
    "color": "green",
    "material": [ "wood" ],
    "volume": "1000 L",
    "bashing": 25,
    "price": 12000,
    "price_postapoc": 250
  },
 {
    "type": "GENERIC",
	"category": "other",
    "id": "up_hpeartree",
    "name": { "str": "uprooted pear tree" },
    "description": "A tree that has been carefully dug out with its rootball carefully wrapped in soaked canvas to keep it from drying out. It is ready for hauling.",
    "weight": "1000 kg",
	"//": "Realistically, adult trees are impossibly heavy and huge and require specialized equipment to effectively move. Not even a cargo space could hold one of these.",
    "to_hit": -6,
	"symbol": "7",
    "color": "green",
    "material": [ "wood" ],
    "volume": "1000 L",
    "bashing": 25,
    "price": 12000,
    "price_postapoc": 250
  },
{
    "type": "GENERIC",
	"category": "other",
    "id": "up_cherrytree",
    "name": { "str": "uprooted cherry tree" },
    "description": "A tree that has been carefully dug out with its rootball carefully wrapped in soaked canvas to keep it from drying out. It is ready for hauling.",
    "weight": "1000 kg",
	"//": "Realistically, adult trees are impossibly heavy and huge and require specialized equipment to effectively move. Not even a cargo space could hold one of these.",
    "to_hit": -6,
	"symbol": "7",
    "color": "green",
    "material": [ "wood" ],
    "volume": "1000 L",
    "bashing": 25,
    "price": 12000,
    "price_postapoc": 250
  },
 {
    "type": "GENERIC",
	"category": "other",
    "id": "up_hcherrytree",
    "name": { "str": "uprooted cherry tree" },
    "description": "A tree that has been carefully dug out with its rootball carefully wrapped in soaked canvas to keep it from drying out. It is ready for hauling.",
    "weight": "1000 kg",
	"//": "Realistically, adult trees are impossibly heavy and huge and require specialized equipment to effectively move. Not even a cargo space could hold one of these.",
    "to_hit": -6,
	"symbol": "7",
    "color": "green",
    "material": [ "wood" ],
    "volume": "1000 L",
    "bashing": 25,
    "price": 12000,
    "price_postapoc": 250
  },
{
    "type": "GENERIC",
	"category": "other",
    "id": "up_peachtree",
    "name": { "str": "uprooted peach tree" },
    "description": "A tree that has been carefully dug out with its rootball carefully wrapped in soaked canvas to keep it from drying out. It is ready for hauling.",
    "weight": "1000 kg",
	"//": "Realistically, adult trees are impossibly heavy and huge and require specialized equipment to effectively move. Not even a cargo space could hold one of these.",
    "to_hit": -6,
	"symbol": "7",
    "color": "green",
    "material": [ "wood" ],
    "volume": "1000 L",
    "bashing": 25,
    "price": 12000,
    "price_postapoc": 250
  },
 {
    "type": "GENERIC",
	"category": "other",
    "id": "up_hpeachtree",
    "name": { "str": "uprooted peach tree" },
    "description": "A tree that has been carefully dug out with its rootball carefully wrapped in soaked canvas to keep it from drying out. It is ready for hauling.",
    "weight": "1000 kg",
	"//": "Realistically, adult trees are impossibly heavy and huge and require specialized equipment to effectively move. Not even a cargo space could hold one of these.",
    "to_hit": -6,
	"symbol": "7",
    "color": "green",
    "material": [ "wood" ],
    "volume": "1000 L",
    "bashing": 25,
    "price": 12000,
    "price_postapoc": 250
  },
{
    "type": "GENERIC",
	"category": "other",
    "id": "up_apricottree",
    "name": { "str": "uprooted apricot tree" },
    "description": "A tree that has been carefully dug out with its rootball carefully wrapped in soaked canvas to keep it from drying out. It is ready for hauling.",
    "weight": "1000 kg",
	"//": "Realistically, adult trees are impossibly heavy and huge and require specialized equipment to effectively move. Not even a cargo space could hold one of these.",
    "to_hit": -6,
	"symbol": "7",
    "color": "green",
    "material": [ "wood" ],
    "volume": "1000 L",
    "bashing": 25,
    "price": 12000,
    "price_postapoc": 250
  },
 {
    "type": "GENERIC",
	"category": "other",
    "id": "up_hapricottree",
    "name": { "str": "uprooted apricot tree" },
    "description": "A tree that has been carefully dug out with its rootball carefully wrapped in soaked canvas to keep it from drying out. It is ready for hauling.",
    "weight": "1000 kg",
	"//": "Realistically, adult trees are impossibly heavy and huge and require specialized equipment to effectively move. Not even a cargo space could hold one of these.",
    "to_hit": -6,
	"symbol": "7",
    "color": "green",
    "material": [ "wood" ],
    "volume": "1000 L",
    "bashing": 25,
    "price": 12000,
    "price_postapoc": 250
  },
{
    "type": "GENERIC",
	"category": "other",
    "id": "up_plumtree",
    "name": { "str": "uprooted plum tree" },
    "description": "A tree that has been carefully dug out with its rootball carefully wrapped in soaked canvas to keep it from drying out. It is ready for hauling.",
    "weight": "1000 kg",
	"//": "Realistically, adult trees are impossibly heavy and huge and require specialized equipment to effectively move. Not even a cargo space could hold one of these.",
    "to_hit": -6,
	"symbol": "7",
    "color": "green",
    "material": [ "wood" ],
    "volume": "1000 L",
    "bashing": 25,
    "price": 12000,
    "price_postapoc": 250
  },
 {
    "type": "GENERIC",
	"category": "other",
    "id": "up_hplumtree",
    "name": { "str": "uprooted plum tree" },
    "description": "A tree that has been carefully dug out with its rootball carefully wrapped in soaked canvas to keep it from drying out. It is ready for hauling.",
    "weight": "1000 kg",
	"//": "Realistically, adult trees are impossibly heavy and huge and require specialized equipment to effectively move. Not even a cargo space could hold one of these.",
    "to_hit": -6,
	"symbol": "7",
    "color": "green",
    "material": [ "wood" ],
    "volume": "1000 L",
    "bashing": 25,
    "price": 12000,
    "price_postapoc": 250
  },
{
    "type": "GENERIC",
	"category": "other",
    "id": "up_mulberrytree",
    "name": { "str": "uprooted mulberry tree" },
    "description": "A tree that has been carefully dug out with its rootball carefully wrapped in soaked canvas to keep it from drying out. It is ready for hauling.",
    "weight": "1000 kg",
	"//": "Realistically, adult trees are impossibly heavy and huge and require specialized equipment to effectively move. Not even a cargo space could hold one of these.",
    "to_hit": -6,
	"symbol": "7",
    "color": "green",
    "material": [ "wood" ],
    "volume": "1000 L",
    "bashing": 25,
    "price": 12000,
    "price_postapoc": 250
  },
 {
    "type": "GENERIC",
	"category": "other",
    "id": "up_hmulberrytree",
    "name": { "str": "uprooted mulberry tree" },
    "description": "A tree that has been carefully dug out with its rootball carefully wrapped in soaked canvas to keep it from drying out. It is ready for hauling.",
    "weight": "1000 kg",
	"//": "Realistically, adult trees are impossibly heavy and huge and require specialized equipment to effectively move. Not even a cargo space could hold one of these.",
    "to_hit": -6,
	"symbol": "7",
    "color": "green",
    "material": [ "wood" ],
    "volume": "1000 L",
    "bashing": 25,
    "price": 12000,
    "price_postapoc": 250
  },
  {
    "type": "GENERIC",
	"category": "other",
    "id": "up_elderberrytree",
    "name": { "str": "uprooted elderberry tree" },
    "description": "A tree that has been carefully dug out with its rootball carefully wrapped in soaked canvas to keep it from drying out. It is ready for hauling.",
    "weight": "1000 kg",
	"//": "Realistically, adult trees are impossibly heavy and huge and require specialized equipment to effectively move. Not even a cargo space could hold one of these.",
    "to_hit": -6,
	"symbol": "7",
    "color": "green",
    "material": [ "wood" ],
    "volume": "1000 L",
    "bashing": 25,
    "price": 12000,
    "price_postapoc": 250
  },
 {
    "type": "GENERIC",
	"category": "other",
    "id": "up_helderberrytree",
    "name": { "str": "uprooted elderberry tree" },
    "description": "A tree that has been carefully dug out with its rootball carefully wrapped in soaked canvas to keep it from drying out. It is ready for hauling.",
    "weight": "1000 kg",
	"//": "Realistically, adult trees are impossibly heavy and huge and require specialized equipment to effectively move. Not even a cargo space could hold one of these.",
    "to_hit": -6,
	"symbol": "7",
    "color": "green",
    "material": [ "wood" ],
    "volume": "1000 L",
    "bashing": 25,
    "price": 12000,
    "price_postapoc": 250
  }
]