[
{
    "id": "underlift_spade_truck",
    "type": "vehicle",
    "name": "Arboreal Tow Truck",
    "blueprint": [
      [ "     o " ],
      [ "OHj-+-O" ],
      [ "OHH'#'|" ],
      [ "{--'o'>" ],
      [ "OHH'#'|" ],
      [ "OHj-+-O" ],
      [ "     o " ]
    ],
    "parts": [
      { "x": 0, "y": 0, "parts": [ "frame_cross", "seat_windshield", "seatbelt", "roof", "controls" ] },
      { "x": 0, "y": 0, "parts": [ "stereo", "dashboard", "vehicle_alarm", "horn_big" ] },
      { "x": 0, "y": -1, "parts": [ "frame_vertical_left", "door_front_left" ] },
      { "x": 0, "y": 1, "parts": [ "frame_cross", "box", "roof" ] },
      { "x": 0, "y": 2, "parts": [ "frame_cross", "seat_windshield", "seatbelt", "roof" ] },
      { "x": 0, "y": 3, "parts": [ "frame_vertical_right", "door_front_right" ] },
      { "x": 1, "y": -1, "parts": [ "frame_vertical_T_left", "windshield_wheel_left" ] },
      { "x": 1, "y": -1, "parts": [ "wheel_mount_medium_steerable", "wheel_wide" ] },
      { "x": 1, "y": -2, "part": "wing_mirror_left" },
      { "x": 1, "y": 0, "parts": [ "frame_horizontal_2", "windshield_cover_left" ] },
      { "x": 1, "y": 1, "parts": [ "frame_horizontal_2", "windshield_horizontal_front" ] },
      { "x": 1, "y": 2, "parts": [ "frame_horizontal_2", "windshield_cover_right" ] },
      { "x": 1, "y": 3, "parts": [ "frame_vertical_T_right", "windshield_wheel_right" ] },
      { "x": 1, "y": 3, "parts": [ "wheel_mount_medium_steerable", "wheel_wide" ] },
      { "x": 1, "y": 4, "part": "wing_mirror_right" },
      { "x": 2, "y": -1, "parts": [ "frame_nw", "halfboard_nw", "headlight" ] },
      { "x": 2, "y": 0, "parts": [ "frame_horizontal_front", "halfboard_cover_left" ] },
      { "x": 2, "y": 1, "parts": [ "frame_horizontal_front", "halfboard_cover", "engine_v8" ] },
      { "x": 2, "y": 1, "parts": [ "alternator_truck", "battery_car" ] },
      { "x": 2, "y": 2, "parts": [ "frame_horizontal_front", "halfboard_cover_right" ] },
      { "x": 2, "y": 3, "parts": [ "frame_ne", "halfboard_ne", "headlight" ] },
      { "x": -1, "y": -1, "parts": [ "frame_sw", "board_nw" ] },
      { "x": -1, "y": -1, "part": "tank", "fuel": "gasoline" },
      { "x": -1, "y": 0, "parts": [ "frame_horizontal", "windshield_full_horizontal_front" ] },
      { "x": -1, "y": 0, "part": "light_red" },
      { "x": -1, "y": 1, "parts": [ "frame_horizontal", "windshield_full_horizontal_front" ] },
      { "x": -1, "y": 1, "part": "light_red" },
      { "x": -1, "y": 2, "parts": [ "frame_horizontal", "windshield_full_horizontal_front" ] },
      { "x": -1, "y": 2, "part": "light_red" },
      { "x": -1, "y": 3, "parts": [ "frame_se", "board_ne" ] },
      { "x": -1, "y": 3, "part": "tank", "fuel": "gasoline" },
      { "x": -2, "y": -1, "parts": [ "frame_vertical_left", "trunk_floor" ] },
      { "x": -2, "y": 0, "parts": [ "frame_vertical", "aisle_vertical" ] },
      { "x": -2, "y": 1, "parts": [ "frame_vertical", "halfboard_vertical" ] },
      { "x": -2, "y": 2, "parts": [ "frame_vertical", "aisle_vertical" ] },
      { "x": -2, "y": 3, "parts": [ "frame_vertical_right", "trunk_floor" ] },
      { "x": -3, "y": -1, "parts": [ "frame_vertical_left", "aisle_vertical" ] },
      { "x": -3, "y": 0, "parts": [ "frame_vertical", "aisle_vertical" ] },
      { "x": -3, "y": 1, "parts": [ "frame_vertical", "halfboard_vertical" ] },
      { "x": -3, "y": 2, "parts": [ "frame_vertical", "aisle_vertical" ] },
      { "x": -3, "y": 3, "parts": [ "frame_vertical_right", "aisle_vertical" ] },
      { "x": -4, "y": -1, "parts": [ "frame_sw", "aisle_vertical", "wheel_mount_medium" ] },
      { "x": -4, "y": -1, "part": "wheel_wide" },
      { "x": -4, "y": 0, "parts": [ "frame_horizontal_rear", "aisle_vertical" ] },
      { "x": -4, "y": 0, "parts": [ "wheel_mount_medium", "wheel_wide" ] },
      { "x": -4, "y": 1, "parts": [ "frame_horizontal_rear", "beeper", "mountedtreespade_retracted" ] },
      { "x": -4, "y": 2, "parts": [ "frame_horizontal_rear", "aisle_vertical" ] },
      { "x": -4, "y": 2, "parts": [ "wheel_mount_medium", "wheel_wide" ] },
      { "x": -4, "y": 3, "parts": [ "frame_se", "aisle_vertical", "wheel_mount_medium" ] },
      { "x": -4, "y": 3, "part": "wheel_wide" }
    ],
    "items": [
      { "x": 0, "y": 0, "chance": 1, "items": [ "roadmap" ] },
      { "x": 0, "y": 1, "chance": 30, "items": [ "folding_poncho" ] },
      { "x": 0, "y": 1, "chance": 10, "items": [ "folding_poncho" ] },
      { "x": 0, "y": 1, "chance": 30, "items": [ "towel" ] },
      { "x": 0, "y": 1, "chance": 10, "items": [ "heavy_flashlight" ], "ammo": 100 },
      { "x": 0, "y": 1, "chance": 5, "item_groups": [ "used_1st_aid" ] },
      { "x": 0, "y": 1, "chance": 50, "items": [ "coffee" ] },
      { "x": 0, "y": 1, "chance": 25, "items": [ "coffee" ] },
      { "x": -2, "y": -1, "chance": 70, "items": [ "hd_tow_cable" ] },
      { "x": -2, "y": -1, "chance": 50, "items": [ "hd_tow_cable" ] },
      { "x": -2, "y": -1, "chance": 50, "items": [ "rope_6" ] },
      { "x": -2, "y": -1, "chance": 25, "items": [ "rope_6" ] },
      { "x": -2, "y": 3, "chance": 100, "items": [ "handflare" ], "ammo": 100 },
      { "x": -2, "y": 3, "chance": 50, "items": [ "handflare", "handflare" ], "ammo": 100 },
      { "x": -2, "y": 3, "chance": 10, "items": [ "handflare", "handflare", "handflare" ], "ammo": 100 },
      { "x": -2, "y": 3, "chance": 50, "items": [ "sm_extinguisher" ] }
    ]
  },
  {
    "id": "underlift_spade_truck_lack_wheels",
    "type": "vehicle",
    "name": "Arboreal Tow Truck",
    "blueprint": [
      [ "     o " ],
      [ "OHj-+-O" ],
      [ "OHH'#'|" ],
      [ "{--'o'>" ],
      [ "OHH'#'|" ],
      [ "OHj-+-O" ],
      [ "     o " ]
    ],
    "parts": [
      { "x": 0, "y": 0, "parts": [ "frame_cross", "seat_windshield", "seatbelt", "roof", "controls" ] },
      { "x": 0, "y": 0, "parts": [ "stereo", "dashboard", "vehicle_alarm", "horn_big" ] },
      { "x": 0, "y": -1, "parts": [ "frame_vertical_left", "door_front_left" ] },
      { "x": 0, "y": 1, "parts": [ "frame_cross", "box", "roof" ] },
      { "x": 0, "y": 2, "parts": [ "frame_cross", "seat_windshield", "seatbelt", "roof" ] },
      { "x": 0, "y": 3, "parts": [ "frame_vertical_right", "door_front_right" ] },
      { "x": 1, "y": -1, "parts": [ "frame_vertical_T_left", "windshield_wheel_left" ] },
      { "x": 1, "y": -1, "parts": [ "wheel_mount_medium_steerable" ] },
      { "x": 1, "y": -2, "part": "wing_mirror_left" },
      { "x": 1, "y": 0, "parts": [ "frame_horizontal_2", "windshield_cover_left" ] },
      { "x": 1, "y": 1, "parts": [ "frame_horizontal_2", "windshield_horizontal_front" ] },
      { "x": 1, "y": 2, "parts": [ "frame_horizontal_2", "windshield_cover_right" ] },
      { "x": 1, "y": 3, "parts": [ "frame_vertical_T_right", "windshield_wheel_right" ] },
      { "x": 1, "y": 3, "parts": [ "wheel_mount_medium_steerable" ] },
      { "x": 1, "y": 4, "part": "wing_mirror_right" },
      { "x": 2, "y": -1, "parts": [ "frame_nw", "halfboard_nw", "headlight" ] },
      { "x": 2, "y": 0, "parts": [ "frame_horizontal_front", "halfboard_cover_left" ] },
      { "x": 2, "y": 1, "parts": [ "frame_horizontal_front", "halfboard_cover", "engine_v8" ] },
      { "x": 2, "y": 1, "parts": [ "alternator_truck", "battery_car" ] },
      { "x": 2, "y": 2, "parts": [ "frame_horizontal_front", "halfboard_cover_right" ] },
      { "x": 2, "y": 3, "parts": [ "frame_ne", "halfboard_ne", "headlight" ] },
      { "x": -1, "y": -1, "parts": [ "frame_sw", "board_nw" ] },
      { "x": -1, "y": -1, "part": "tank", "fuel": "gasoline" },
      { "x": -1, "y": 0, "parts": [ "frame_horizontal", "windshield_full_horizontal_front" ] },
      { "x": -1, "y": 0, "part": "light_red" },
      { "x": -1, "y": 1, "parts": [ "frame_horizontal", "windshield_full_horizontal_front" ] },
      { "x": -1, "y": 1, "part": "light_red" },
      { "x": -1, "y": 2, "parts": [ "frame_horizontal", "windshield_full_horizontal_front" ] },
      { "x": -1, "y": 2, "part": "light_red" },
      { "x": -1, "y": 3, "parts": [ "frame_se", "board_ne" ] },
      { "x": -1, "y": 3, "part": "tank", "fuel": "gasoline" },
      { "x": -2, "y": -1, "parts": [ "frame_vertical_left", "trunk_floor" ] },
      { "x": -2, "y": 0, "parts": [ "frame_vertical", "aisle_vertical" ] },
      { "x": -2, "y": 1, "parts": [ "frame_vertical", "halfboard_vertical" ] },
      { "x": -2, "y": 2, "parts": [ "frame_vertical", "aisle_vertical" ] },
      { "x": -2, "y": 3, "parts": [ "frame_vertical_right", "trunk_floor" ] },
      { "x": -3, "y": -1, "parts": [ "frame_vertical_left", "aisle_vertical" ] },
      { "x": -3, "y": 0, "parts": [ "frame_vertical", "aisle_vertical" ] },
      { "x": -3, "y": 1, "parts": [ "frame_vertical", "halfboard_vertical" ] },
      { "x": -3, "y": 2, "parts": [ "frame_vertical", "aisle_vertical" ] },
      { "x": -3, "y": 3, "parts": [ "frame_vertical_right", "aisle_vertical" ] },
      { "x": -4, "y": -1, "parts": [ "frame_sw", "aisle_vertical", "wheel_mount_medium" ] },
      { "x": -4, "y": -1, "part": "wheel_wide" },
      { "x": -4, "y": 0, "parts": [ "frame_horizontal_rear", "aisle_vertical" ] },
      { "x": -4, "y": 0, "parts": [ "wheel_mount_medium", "wheel_wide" ] },
      { "x": -4, "y": 1, "parts": [ "frame_horizontal_rear", "beeper", "mountedtreespade_retracted" ] },
      { "x": -4, "y": 2, "parts": [ "frame_horizontal_rear", "aisle_vertical" ] },
      { "x": -4, "y": 2, "parts": [ "wheel_mount_medium", "wheel_wide" ] },
      { "x": -4, "y": 3, "parts": [ "frame_se", "aisle_vertical", "wheel_mount_medium" ] },
      { "x": -4, "y": 3, "part": "wheel_wide" }
    ]
  }




]