[
{
    "id": "mountedtreespade",
    "type": "vehicle_part",
    "name": { "str": "tree spade" },
    "item": "treespade",
    "location": "structure",
    "symbol": "=",
    "broken_symbol": "*",
    "categories": [ "utility" ],
    "color": "light_gray",
    "broken_color": "light_blue",
    "durability": 1200,
    "description": "A massive digging claw designed to dig around and under a tree to scoop it out by its rootball without harming it. It can also be used handily to excavate.",
    "breaks_into": [ { "item": "steel_lump", "count": [ 12, 260 ] }, { "item": "pipe", "count": [ 10, 40 ] } ],
    "qualities": [ [ "LIFT", 40 ], [ "JACK", 40 ] ],
    "requirements": {
      "install": { "skills": [ [ "mechanics", 5 ] ], "time": "60 m", "using": [ [ "vehicle_wrench_2", 1 ] ] },
      "removal": { "skills": [ [ "mechanics", 3 ] ], "time": "30 m", "using": [ [ "vehicle_wrench_2", 1 ] ] },
      "repair": { "skills": [ [ "mechanics", 6 ] ], "time": "60 m", "using": [ [ "repair_welding_standard", 3 ] ] }
    },
	"transform_terrain": { "pre_flags": [ "DIGGABLE" ], "post_terrain": "t_pit" },
    "flags": [ "PROTRUSION", "EXTRA_DRAG", "TRANSFORM_TERRAIN" ],
    "pseudo_tools": [ { "id": "crane_pseudo_item" } ],
    "damage_reduction": { "all": 220 }
  },
  {
    "id": "mountedtreespade_retracted",
    "type": "vehicle_part",
    "categories": [ "utility" ],
    "copy-from": "mountedtreespade",
    "name": { "str": "retracted tree spade" },
    "location": "center",
    "delete": { "flags": [ "PROTRUSION" ] },
    "extend": { "flags": [ "OBSTACLE" ] }
  }


]