[
 {
    "id": "chainmail_junk_vest",
    "type": "ARMOR",
    "category": "armor",
	"copy-from": "chainmail_junk_vest",
	"//": "Coverage on all junk pieces is reduced because the armor is literally corroded, rusted, and falling apart. Encumbrance increased because it's in poor shape and just doesn't fit right due to being stiff and poorly maintained.",
    "name": { "str": "chainmail vest" },
    "description": "A customized chainmail vest.  The metal shows signs of rust and corrosion.  It's a sleeveless piece of chainmail with small straps designed to better distribute the weight.",
    "armor": [
      {
        "material": [ { "type": "budget_steel", "covered_by_mat": 100, "thickness": 1.3 } ],
        "covers": [ "torso" ],
        "coverage": 90,
        "encumbrance": 25
      }
    ]
  },
    {
    "id": "chainmail_junk_legs",
    "type": "ARMOR",
    "category": "armor",
	"copy-from": "chainmail_junk_legs",
    "name": { "str": "chainmail leggings", "str_pl": "pairs of chainmail leggings" },
    "description": "Customized chainmail leggings.  Their straps keep everything in place, and the lack of toes and heels allows them to work perfectly well with footwear.  The metal shows signs of rust and corrosion.",
    "armor": [
      {
        "material": [ { "type": "iron", "covered_by_mat": 100, "thickness": 1.3 } ],
        "covers": [ "leg_l", "leg_r" ],
        "coverage": 90,
        "encumbrance": 25
      }
    ]
  },
   {
    "id": "chainmail_junk_hands",
    "type": "ARMOR",
    "category": "armor",
	"copy-from": "chainmail_junk_hands",
    "name": { "str": "pair of chainmail gloves", "str_pl": "pairs of chainmail gloves" },
    "description": "A pair of customized chainmail gloves that fully enclose the hands.  The metal shows signs of rust and corrosion.",
    "armor": [
      {
        "material": [ { "type": "iron", "covered_by_mat": 100, "thickness": 1.3 } ],
        "covers": [ "hand_l", "hand_r" ],
        "coverage": 90,
        "encumbrance": 25
      }
    ]
  },
   {
    "id": "chainmail_junk_feet",
    "type": "ARMOR",
    "category": "armor",
	"copy-from": "chainmail_junk_feet",
    "name": { "str": "pair of chainmail chausses", "str_pl": "pairs of chainmail chausses" },
    "description": "Customized chainmail chausses that cover the feet, like booties made of chainmail.  The metal shows signs of rust and corrosion.",
    "armor": [
      {
        "covers": [ "foot_l", "foot_r" ],
        "specifically_covers": [
          "foot_toes_r",
          "foot_toes_l",
          "foot_ankle_r",
          "foot_ankle_l",
          "foot_heel_r",
          "foot_heel_l",
          "foot_arch_r",
          "foot_arch_l"
        ],
        "material": [
          { "type": "leather", "covered_by_mat": 100, "thickness": 2.0 },
          { "type": "iron", "covered_by_mat": 100, "thickness": 1.3 }
        ],
        "encumbrance": 25,
        "coverage": 90
      }
    ]
  },
  {
    "id": "chainmail_junk_hood",
    "type": "ARMOR",
    "category": "armor",
	"copy-from": "chainmail_junk_hood",
    "name": { "str": "chainmail coif" },
    "description": "A customized chainmail hood. The metal shows signs of rust and corrosion. Can be worn comfortably under helmets.",
    "armor": [
      {
        "material": [ { "type": "iron", "covered_by_mat": 100, "thickness": 1.3 } ],
        "covers": [ "head" ],
        "coverage": 90,
        "encumbrance_modifiers": [ "RESTRICTS_NECK", "WELL_SUPPORTED" ]
      }
    ]
  },
  {
    "id": "chainmail_junk_suit",
    "type": "ARMOR",
    "category": "armor",
	"copy-from": "chainmail_junk_suit",
    "name": { "str": "chainmail armor" },
    "description": "A fully customized chainmail suit.  The metal shows signs of rust and corrosion.  Combine with a gambeson or other padded layer for optimal protection.",
    "armor": [
      {
        "material": [ { "type": "iron", "covered_by_mat": 100, "thickness": 1.3 } ],
        "covers": [ "head", "torso", "leg_l", "leg_r", "arm_l", "arm_r" ],
        "coverage": 90,
        "encumbrance": 25
      }
    ]
  },
  {
    "id": "chainmail_refurbished_suit",
    "type": "ARMOR",
    "category": "armor",
	"copy-from": "chainmail_junk_suit",
    "name": { "str": "refurbished chainmail armor" },
    "description": "A historical chainmail suit that has been refurbished with new leather straps and replacements for all badly corroded or worn links. It has additionally been polished free of rust. Refurbishing has made it fit slightly better too. A museum curator would delight at displaying it.",
    "material": [ "iron" ],
    "armor": [
      {
        "material": [ { "type": "iron", "covered_by_mat": 100, "thickness": 1.5} ],
		"covers": [ "head", "torso", "leg_l", "leg_r", "arm_l", "arm_r", "hand_l", "hand_r", "foot_l", "foot_r" ],
        "coverage": 100,
        "encumbrance": 18
      }
    ]
  },
  {
    "id": "chainmail_galvanized_suit",
    "type": "ARMOR",
    "category": "armor",
	"copy-from": "chainmail_refurbished_suit",
    "name": { "str": "galvanized chainmail armor" },
    "description": "A galvanized historical chainmail suit. The process has toughened the links and given them mild acid protection.",
    "armor": [
      {
        "material": [ { "type": "gal_iron", "covered_by_mat": 100, "thickness": 1.6} ],
		"covers": [ "head", "torso", "leg_l", "leg_r", "arm_l", "arm_r", "hand_l", "hand_r", "foot_l", "foot_r" ]
      }
    ]
  }



]