 [ 
 {
    "type": "material",
    "id": "gal_iron",
    "name": "Galvanized Iron",
    "density": 52,
    "specific_heat_liquid": 0.82,
    "specific_heat_solid": 0.45,
    "latent_heat": 273,
    "bash_resist": 6,
    "cut_resist": 6,
    "bullet_resist": 3,
    "acid_resist": 12,
    "fire_resist": 3,
    "elec_resist": 0,
    "chip_resist": 15,
    "repaired_with": "scrap",
    "dmg_adj": [ "marked", "dented", "smashed", "shattered" ],
    "bash_dmg_verb": "dented",
    "cut_dmg_verb": "scratched",
    "burn_products": [ [ "scrap", 1 ] ]
  },
  {
    "type": "material",
    "id": "gal_steel",
    "name": "Galvanized Steel",
    "density": 30,
    "specific_heat_liquid": 0.82,
    "specific_heat_solid": 0.45,
    "latent_heat": 273,
    "bash_resist": 12,
    "cut_resist": 12,
    "bullet_resist": 2,
    "acid_resist": 12,
    "fire_resist": 3,
    "elec_resist": 0,
    "chip_resist": 15,
    "repaired_with": "scrap",
    "dmg_adj": [ "marked", "dented", "smashed", "shattered" ],
    "bash_dmg_verb": "dented",
    "cut_dmg_verb": "scratched",
    "burn_products": [ [ "scrap", 1 ] ]
  }
  ]