[
 {
    "id": "chainmail_junk_vest",
    "type": "ARMOR",
    "category": "armor",
    "name": { "str": "chainmail vest" },
    "description": "A customized chainmail vest.  The metal shows signs of rust and corrosion.  It's a sleeveless piece of chainmail with small straps designed to better distribute the weight.",
    "weight": "6200 g",
    "volume": "1 L",
    "price": 10000,
    "price_postapoc": 2000,
    "to_hit": -1,
    "material": [ "iron" ],
    "symbol": "[",
    "looks_like": "vest_leather",
    "color": "light_red",
    "flags": [ "VARSIZE", "STURDY", "OUTER" ],
    "armor": [
      {
        "material": [ { "type": "iron", "covered_by_mat": 100, "thickness": 1.2}		],
        "covers": [ "torso" ],
        "coverage": 95,
        "encumbrance": 20
      }
    ]
  },
    {
    "id": "chainmail_junk_legs",
    "type": "ARMOR",
    "category": "armor",
    "name": { "str": "chainmail leggings", "str_pl": "pairs of chainmail leggings" },
    "description": "Customized chainmail leggings.  Their straps keep everything in place, and the lack of toes and heels allows them to work perfectly well with footwear.  The metal shows signs of rust and corrosion.",
    "weight": "4212 g",
    "volume": "1500 ml",
    "price": 7500,
    "price_postapoc": 2000,
    "to_hit": -1,
    "material": [ "iron" ],
    "symbol": "[",
    "looks_like": "legguard_hard",
    "color": "light_red",
    "flags": [ "VARSIZE", "STURDY", "OUTER" ],
    "armor": [
      {
        "material": [ { "type": "iron", "covered_by_mat": 100, "thickness": 1.2}		],
        "covers": [ "leg_l", "leg_r" ],
        "coverage": 95,
        "encumbrance": 20
      }
    ]
  },
   {
    "id": "chainmail_junk_hands",
    "type": "ARMOR",
    "category": "armor",
    "name": { "str": "pair of chainmail gloves", "str_pl": "pairs of chainmail gloves" },
    "description": "A pair of customized chainmail gloves that fully enclose the hands.  The metal shows signs of rust and corrosion.",
    "weight": "957 g",
    "volume": "500 ml",
    "price": 5012,
    "price_postapoc": 2500,
    "to_hit": -1,
    "material": [ "iron" ],
    "symbol": "[",
    "color": "light_red",
    "material_thickness": 2,
    "flags": [ "VARSIZE", "STURDY", "OUTER" ],
    "armor": [
      {
        "material": [  { "type": "iron", "covered_by_mat": 100, "thickness": 1.2}		],
        "covers": [ "hand_l", "hand_r" ],
        "coverage": 100,
        "encumbrance": 20
      }
    ]
  },
   {
    "id": "chainmail_junk_feet",
    "type": "ARMOR",
    "category": "armor",
    "name": { "str": "pair of chainmail chausses", "str_pl": "pairs of chainmail chausses" },
    "description": "Customized chainmail chausses that cover the feet, like booties made of chainmail.  The metal shows signs of rust and corrosion.",
    "weight": "1801 g",
    "volume": "500 ml",
    "price": 5012,
    "price_postapoc": 2000,
    "to_hit": -1,
    "symbol": "[",
    "color": "light_red",
    "flags": [ "VARSIZE", "STURDY", "OUTER" ],
    "armor": [
      {
        "covers": [ "foot_l", "foot_r" ],
        "specifically_covers": [
          "foot_toes_r",
          "foot_toes_l",
          "foot_ankle_r",
          "foot_ankle_l",
          "foot_heel_r",
          "foot_heel_l",
          "foot_arch_r",
          "foot_arch_l"
        ],
        "material": [
          { "type": "leather", "covered_by_mat": 100, "thickness": 2.0 },
		  { "type": "iron", "covered_by_mat": 100, "thickness": 1.2}
        ],
        "encumbrance": 20,
        "coverage": 100
      },
      {
        "covers": [ "foot_l", "foot_r" ],
        "specifically_covers": [ "foot_sole_r", "foot_sole_l" ],
        "material": [ { "type": "leather", "covered_by_mat": 100, "thickness": 4.0 } ],
        "coverage": 100
      }
    ]
  },
  {
    "id": "chainmail_junk_hood",
    "type": "ARMOR",
    "category": "armor",
    "name": { "str": "chainmail coif" },
    "description": "A customized chainmail hood. The metal shows signs of rust and corrosion. Can be worn comfortably under helmets.",
    "weight": "1315 g",
    "volume": "500 ml",
    "price": 5012,
    "price_postapoc": 2500,
    "to_hit": -1,
    "material": [ "iron" ],
    "symbol": "[",
    "looks_like": "balclava",
    "color": "light_red",
    "material_thickness": 4,
    "warmth": 5,
    "environmental_protection": 1,
    "flags": [ "VARSIZE", "STURDY", "OUTER" ],
    "armor": [
      {
        "material": [ { "type": "iron", "covered_by_mat": 100, "thickness": 1.2}		],
        "covers": [ "head" ],
        "coverage": 100,
        "encumbrance_modifiers": [ "RESTRICTS_NECK", "WELL_SUPPORTED" ]
      }
    ]
  },
  {
    "id": "chainmail_junk_suit",
    "type": "ARMOR",
    "category": "armor",
    "name": { "str": "chainmail armor" },
    "description": "A fully customized chainmail suit.  The metal shows signs of rust and corrosion.  Combine with a gambeson or other padded layer for optimal protection.",
    "weight": "14539 g",
    "volume": "3250 ml",
    "price": 45000,
    "price_postapoc": 8000,
    "to_hit": -1,
    "material": [ "iron" ],
    "symbol": "[",
    "looks_like": "touring_suit",
    "color": "light_red",
    "warmth": 0,
    "flags": [ "VARSIZE", "STURDY", "OUTER" ],
    "armor": [
      {
        "material": [  { "type": "iron", "covered_by_mat": 100, "thickness": 1.2}		],
        "covers": [ "head", "torso", "leg_l", "leg_r", "arm_l", "arm_r", "hand_l", "hand_r", "foot_l", "foot_r" ],
        "coverage": 100,
        "encumbrance": 20
      }
    ]
  }



]