[
{
    "id": "armor_junk_plate",
    "type": "ARMOR",
    "copy-from": "armor_plate",
    "name": { "str": "junk ornamental plate armor" },
    "description": "An extremely heavy suit of ornamental armor.  The metal shows signs of rust and corrosion, and the leather straps are tattered.",
    "material": [ "steel", "leather" ],
	"covers": [ "torso", "leg_l", "leg_r", "arm_l", "arm_r", "hand_l", "hand_r", "foot_l", "foot_r"],
	"delete-flags": "OUTER",
	"extend-flags": "STRAPPED"
  },
  {
    "id": "armor_junk_lightplate",
    "type": "ARMOR",
    "copy-from": "armor_lightplate",
    "name": { "str": "junk plate armor" },
    "description": "A suit of Gothic plate armor.  The metal shows signs of rust and corrosion, and the leather straps are tattered.",
    "material": [ "steel", "leather" ],
	"covers": [ "torso", "leg_l", "leg_r", "arm_l", "arm_r", "hand_l", "hand_r", "foot_l", "foot_r"],
	"delete-flags": "OUTER",
	"extend-flags": "STRAPPED"
	
  }



]