[
 {
    "result": "chainmail_junk_suit",
    "type": "recipe",
	"//": "You're not only connecting the parts together, but modifying the chainmail into a jumpsuit through carefully opening it down the middle and adding clasps or straps to close it back up. ",
    "activity_level": "LIGHT_EXERCISE",
    "category": "CC_ARMOR",
    "subcategory": "CSC_ARMOR_SUIT",
    "skill_used": "tailor",
    "difficulty": 4,
    "time": "2 h",
    "reversible": true,
    "autolearn": true,
	"tools":
	[ [ [ "pliers_locking", -1  ], [  "pliers", -1 ], [  "big_pliers", -1 ] ] ],
	"using": [ [ "sewing_standard", 20 ], [ "clasps", 6 ] ],
    "qualities": [ { "id": "SEW", "level": 1} ],
    "flags": [ "NO_RESIZE" ],
    "components": [
      [ [ "chainmail_junk_hood", 1 ] ],
      [ [ "chainmail_junk_vest", 1 ] ],
      [ [ "chainmail_junk_arms", 1 ] ],
	  [ [ "chainmail_junk_hands",1 ] ],
      [ [ "chainmail_junk_legs", 1 ] ],
	  [ [ "chainmail_junk_feet", 1 ] ]
    ]
  }


]