[
{
    "id": "man_carrier",
    "type": "TOOL",
    "name": { "str": "man carrier" },
    "description": "A plastic container meant to hold people for transport.  Use it on a suitable humanoid to capture, use it on an empty tile to release.",
    "weight": "10 kg",
    "volume": "10 L",
    "price": 1000,
    "price_postapoc": 100,
    "bashing": 1,
    "cutting": 1,
    "material": [ "steel", "plastic" ],
    "symbol": "#",
    "color": "light_gray",
    "properties": [ [ "creature_size_capacity", "HUGE" ] ],
    "use_action": [ "CAPTURE_MONSTER_ACT" ],
    "flags": [ "TRADER_AVOID" ],
	"looks_like": "pet_carrier"
  },
  {
    "id": "man_carrier_wooden",
    "copy-from": "man_carrier",
    "type": "TOOL",
    "name": { "str": "wooden man carrier" },
    "description": "A wooden container meant to hold pets for transport.  Use it on a suitable animal to capture, use it on an empty tile to release.",
    "weight": "15 kg",
    "volume": "10 L",
    "price": 800,
    "price_postapoc": 50,
    "material": [ "wood" ],
    "symbol": "#",
    "color": "brown",
    "looks_like": "pet_carrier"
  },
  
  
  
  
  
    {
    "type": "recipe",
    "activity_level": "LIGHT_EXERCISE",
    "result": "man_carrier",
    "category": "CC_OTHER",
    "subcategory": "CSC_OTHER_CONTAINERS",
    "skill_used": "fabrication",
    "difficulty": 3,
    "time": "30 m",
    "autolearn": true,
    "using": [ [ "soldering_standard", 10 ] ],
    "qualities": [ { "id": "CUT", "level": 2 } ],
    "components": [ [ [ "pet_carrier", 4 ] ], [ [ "plastic_chunk", 20] ]]
  },
  {
    "type": "recipe",
    "activity_level": "LIGHT_EXERCISE",
    "result": "man_carrier_wooden",
    "category": "CC_OTHER",
    "subcategory": "CSC_OTHER_CONTAINERS",
    "skill_used": "fabrication",
    "difficulty": 3,
    "time": "30 m",
    "autolearn": true,
    "reversible": true,
    "proficiencies": [ { "proficiency": "prof_carpentry_basic" } ],
    "qualities": [ { "id": "HAMMER", "level": 1 } ],
    "components": [ [ [ "box_oversize_wood", 1 ] ], [ [ "wood_panel", 1 ] ], [ [ "hinge", 2 ] ], [ [ "cargo_lock", 1 ] ], [ [ "nail", 12] ] ]
  }





]