[
{
    "id": "feralfood",
    "type": "COMESTIBLE",
    "comestible_type": "FOOD",
    "name": { "str_sp": "feral food" },
    "description": "Literally just pink tabs. A whole bag full of them actually. Feeding this many pink tabs at once to a feral breaks their psychosis for a while, allowing them to be nominally human. You'd need to be a maniac to try doing this at all considering the danger.",
    "//": "Todo: Make this a temporary tame, then revert feral back to hostile after a set time has passed.",
	"//2": "Ferals at this stage aren't meant to actually be fully restored humans. They're just disoriented ferals that have lost their insane bloodlust for a while.",
	"weight": "40 g",
    "container": "bag_plastic",
    "volume": "25 ml",
    "price": 300,
    "price_postapoc": 400,
    "to_hit": -5,
    "material": [ "junk" ],
    "symbol": ";",
    "healthy": -15,
    "quench": -20,
    "calories": 380,
    "fun": -15,
    "color": "brown",
    "use_action": [ "PETFOOD" ],
    "petfood": [ "FERALFOOD" ]
  },
  
  {
    "type": "recipe",
    "activity_level": "fake",
    "result": "feralfood",
    "category": "CC_OTHER",
    "subcategory": "CSC_OTHER_OTHER",
    "time": "2 m",
    "autolearn": true,
    "components": [ [ [ "lsd", 20 ] ], [ [ "bag_plastic", 1 ] ] ]
  }




]