[
  {
    "id": "mon_feral_human_pipe",
    "type": "MONSTER",
    "name": { "str": "feral human" },
	"//": "I couldn't be bothered to do copy-froms on all these. If it bothers you, fix it, but unless you're running a potato a few extra KB won't hurt you.",
    "description": "Their pupils are dilated and what can be seen of the iris and sclera are bloodshot.  This pipe-wielding maniac still breathes, but the zombies treat them like one of their own.",
    "default_faction": "zombie",
    "looks_like": "chud",
    "bodytype": "human",
    "species": [ "HUMAN" ],
    "volume": "62500 ml",
    "weight": "81500 g",
    "hp": 80,
    "speed": 100,
    "material": [ "flesh" ],
    "symbol": "@",
    "color": "magenta",
    "aggression": 30,
    "morale": 100,
    "melee_skill": 3,
    "melee_dice": 1,
    "melee_dice_sides": 3,
    "weakpoint_sets": [ "wps_humanoid_body" ],
    "families": [ "prof_intro_biology", "prof_physiology" ],
    "dodge": 1,
    "harvest": "human",
    "dissect": "dissect_human_sample_single",
    "vision_day": 30,
    "vision_night": 3,
	"petfood": {
      "food": [ "FERALFOOD" ],
      "feed": "The %s seems to snap out of their rage for a moment. They look confused, like they just woke up from a bad dream.",
      "pet": "The %s doesn't respond much as you pat them reassuringly on the shoulder."
    },
    "path_settings": { "max_dist": 30, "allow_open_doors": true, "avoid_traps": true, "avoid_sharp": true },
    "starting_ammo": { "rock": 6 },
    "special_attacks": [
      {
        "type": "gun",
        "cooldown": 5,
        "move_cost": 150,
        "gun_type": "feral_human_thrown_rock",
        "ammo_type": "rock",
        "no_ammo_sound": "",
        "fake_skills": [ [ "throw", 4 ] ],
        "fake_str": 7,
        "require_targeting_player": false,
        "ranges": [ [ 2, 5, "DEFAULT" ] ],
        "description": "The feral human throws a rock!"
      }
    ],
    "death_drops": "feral_humans_death_drops_pipe",
    "zombify_into": "mon_zombie",
    "fungalize_into": "mon_feral_human_pipe_fungal_infected",
    "anger_triggers": [ "FRIEND_DIED", "FRIEND_ATTACKED", "HURT" ],
    "flags": [
      "SEES",
      "HEARS",
      "SMELLS",
      "WARM",
      "BASHES",
      "GROUP_BASH",
      "HUMAN",
      "CAN_OPEN_DOORS",
      "PATH_AVOID_DANGER_1",
      "DROPS_AMMO"
    ]
  },
  {
    "id": "mon_feral_sapien_spear",
    "type": "MONSTER",
    "name": { "str": "cunning feral" },
    "description": "This feral human's eyes look more focused, and its movements steadier, than others of their kind.  They're carrying a crude spear, and have assembled some basic armor from scavenged clothing and bits of riot armor, though you can see several gaps.  Despite these signs of greater intelligence, this creature is still only a few steps away from being a zombie themself.",
    "default_faction": "zombie",
    "bodytype": "human",
    "species": [ "HUMAN" ],
    "volume": "62500 ml",
    "weight": "81500 g",
    "hp": 80,
    "speed": 100,
    "material": [ "flesh" ],
    "symbol": "@",
    "color": "i_magenta",
    "aggression": 30,
    "morale": 100,
    "melee_skill": 3,
    "melee_dice": 4,
    "melee_dice_sides": 6,
    "melee_damage": [ { "damage_type": "cut", "amount": 2 } ],
    "dodge": 3,
    "armor_bash": 9,
    "armor_cut": 7,
    "armor_bullet": 12,
    "weakpoint_sets": [ "wps_humanoid_body", "wps_humanoid_light_armor" ],
    "families": [ "prof_intro_biology", "prof_physiology" ],
    "special_attacks": [
      [ "PARROT_AT_DANGER", 0 ],
      {
        "id": "stretch_attack",
        "cooldown": 5,
        "range": 2,
        "hit_dmg_u": "The %1$s thrusts a spear at your %2$s, slashing it!",
        "hit_dmg_npc": "The %1$s thrusts a spear at <npcname>'s %2$s, slashing it!",
        "no_dmg_msg_u": "The %1$s thrusts a spear at your %2$s, but glances off your armor!",
        "no_dmg_msg_npc": "The %1$s thrusts a spear at <npcname>'s %2$s, but glances off armor!",
        "miss_msg_u": "The %s thrusts a spear at you, but you evade it!",
        "miss_msg_npc": "The %s thrusts a spear at <npcname>, but they evade it!"
      }
    ],
    "armor_acid": 4,
    "harvest": "human",
    "dissect": "dissect_human_sample_single",
    "vision_day": 50,
    "vision_night": 3,
	"petfood": {
      "food": [ "FERALFOOD" ],
      "feed": "The %s seems to snap out of their rage for a moment. They look confused, like they just woke up from a bad dream.",
      "pet": "The %s doesn't respond much as you pat them reassuringly on the shoulder."
    },
    "path_settings": { "max_dist": 30, "allow_open_doors": true, "avoid_traps": true, "avoid_sharp": true },
    "death_drops": "feral_sapien_death_drops_spear",
    "zombify_into": "mon_zombie_survivor",
    "anger_triggers": [ "FRIEND_DIED", "FRIEND_ATTACKED", "HURT" ],
    "flags": [
      "SEES",
      "HEARS",
      "SMELLS",
      "WARM",
      "BASHES",
      "GROUP_BASH",
      "HUMAN",
      "CAN_OPEN_DOORS",
      "PATH_AVOID_DANGER_1",
      "PRIORITIZE_TARGETS"
    ]
  },
  {
    "id": "mon_chud",
    "type": "MONSTER",
    "name": { "str": "feral troglobite" },
    "description": "This person is still alive but completely crazed, changed by something they are exposed to down here.  Their face is dominated by unnaturally large, faintly glowing eyes and needle-sharp teeth poking through their lips.  They remind you of something out of a campy monster movie - and of the good times when underground cannibals were less of a real concern.",
    "copy-from": "mon_feral_human_pipe",
    "looks_like": "mon_zombie_runner",
    "symbol": "@",
    "color": "white",
    "melee_skill": 6,
    "melee_dice": 2,
    "melee_dice_sides": 4,
    "melee_damage": [ { "damage_type": "cut", "amount": 3 } ],
    "weakpoint_sets": [ "wps_humanoid_body" ],
    "families": [ "prof_intro_biology", "prof_physiology" ],
    "dodge": 4,
    "vision_night": 15,
	"petfood": {
      "food": [ "FERALFOOD" ],
      "feed": "The %s seems to snap out of their rage for a moment. They look confused, like they just woke up from a bad dream.",
      "pet": "The %s doesn't respond much as you pat them reassuringly on the shoulder."
    },
    "special_attacks": [ { "id": "scratch", "min_mul": 0.5, "cooldown": 10 }, { "type": "bite", "min_mul": 0.7, "cooldown": 15 } ],
    "death_drops": "default_zombie_death_drops",
    "dissect": "dissect_troglobite_sample_small",
    "zombify_into": "mon_zombie_shady",
    "extend": { "flags": [ "FILTHY" ] }
  },
  {
    "id": "mon_feral_human_crowbar",
    "type": "MONSTER",
    "description": "Their pupils are dilated and what can be seen of the iris and sclera are bloodshot.  This crowbar-wielding maniac still breathes, but the zombies treat them like one of their own.",
    "copy-from": "mon_feral_human_pipe",
    "melee_dice": 2,
    "melee_dice_sides": 6,
	"petfood": {
      "food": [ "FERALFOOD" ],
      "feed": "The %s seems to snap out of their rage for a moment. They look confused, like they just woke up from a bad dream.",
      "pet": "The %s doesn't respond much as you pat them reassuringly on the shoulder."
    },
    "death_drops": "feral_humans_death_drops_crowbar",
    "fungalize_into": "mon_feral_human_crowbar_fungal_infected"
  },
  {
    "id": "mon_feral_human_axe",
    "type": "MONSTER",
    "name": { "str": "deranged axeman", "str_pl": "deranged axemen" },
    "description": "They stumble along dragging a large bloodstained axe.  Their face is twisted into a sadistic grin, and they walk among the dead as though already one of them.",
    "default_faction": "zombie",
    "looks_like": "chud",
    "bodytype": "human",
    "species": [ "HUMAN" ],
    "volume": "62500 ml",
    "weight": "81500 g",
    "hp": 80,
    "speed": 100,
    "material": [ "flesh" ],
    "symbol": "@",
    "color": "magenta",
    "aggression": 30,
    "morale": 100,
    "melee_skill": 3,
    "melee_dice": 3,
    "melee_dice_sides": 7,
    "melee_damage": [ { "damage_type": "cut", "amount": 12 } ],
    "weakpoint_sets": [ "wps_humanoid_body" ],
    "families": [ "prof_intro_biology", "prof_physiology" ],
    "dodge": 1,
    "harvest": "human",
    "dissect": "dissect_human_sample_single",
    "vision_day": 30,
    "vision_night": 3,
	"petfood": {
      "food": [ "FERALFOOD" ],
      "feed": "The %s seems to snap out of their rage for a moment. They look confused, like they just woke up from a bad dream.",
      "pet": "The %s doesn't respond much as you pat them reassuringly on the shoulder."
    },
    "path_settings": { "max_dist": 30, "allow_open_doors": true, "avoid_traps": true, "avoid_sharp": true },
    "death_drops": "feral_humans_death_drops_axe",
    "zombify_into": "mon_zombie",
    "fungalize_into": "mon_feral_human_axe_fungal_infected",
    "anger_triggers": [ "FRIEND_DIED", "FRIEND_ATTACKED", "HURT" ],
    "flags": [ "SEES", "HEARS", "SMELLS", "WARM", "BASHES", "GROUP_BASH", "HUMAN", "CAN_OPEN_DOORS", "PATH_AVOID_DANGER_1" ]
  },
  {
    "id": "mon_feral_human_tool",
    "type": "MONSTER",
    "name": "feral mechanic",
    "description": "This wild human-like creature was probably a mechanic before the Cataclysm.  You can see it by his worker uniform, or by his blood-covered hammer in hand, or by his all-hating view.",
    "copy-from": "mon_feral_human_pipe",
    "melee_dice": 2,
    "melee_dice_sides": 8,
	"petfood": {
      "food": [ "FERALFOOD" ],
      "feed": "The %s seems to snap out of their rage for a moment. They look confused, like they just woke up from a bad dream.",
      "pet": "The %s doesn't respond much as you pat them reassuringly on the shoulder."
    },
    "death_drops": "feral_humans_death_drops_tool"
  },
  {
    "id": "mon_feral_human_pipe_fungal_infected",
    "type": "MONSTER",
    "copy-from": "mon_feral_human_pipe",
    "upgrades": { "age_grow": 4, "into": "mon_feral_human_pipe_fungal_corpse" },
    "burn_into": "mon_starer_pipe",
    "extend": { "flags": [ "NO_FUNG_DMG" ] }
  },
  {
    "id": "mon_feral_human_crowbar_fungal_infected",
    "type": "MONSTER",
    "copy-from": "mon_feral_human_crowbar",
    "upgrades": { "age_grow": 4, "into": "mon_feral_human_crowbar_fungal_corpse" },
    "burn_into": "mon_starer_crowbar",
    "extend": { "flags": [ "NO_FUNG_DMG" ] }
  },
  {
    "id": "mon_feral_human_axe_fungal_infected",
    "type": "MONSTER",
    "copy-from": "mon_feral_human_axe",
    "upgrades": { "age_grow": 4, "into": "mon_feral_human_axe_fungal_corpse" },
    "burn_into": "mon_starer_axe",
    "extend": { "flags": [ "NO_FUNG_DMG" ] }
  },
  {
    "id": "mon_feral_human_pipe_fungal_corpse",
    "type": "MONSTER",
    "description": "Delicate fungal stalks sprout in rows from sores covering this person's body, and their facial expression is pure agony.",
    "copy-from": "mon_feral_human_pipe",
    "default_faction": "fungus",
    "upgrades": { "half_life": 14, "into": "mon_fungaloid" },
    "special_attacks": [ [ "FUNGUS", 40 ] ],
    "death_function": { "effect": { "id": "death_fungus", "hit_self": true } },
    "extend": { "flags": [ "NO_FUNG_DMG", "IMMOBILE" ] }
  },
  {
    "id": "mon_feral_human_crowbar_fungal_corpse",
    "type": "MONSTER",
    "description": "Delicate fungal stalks sprout in rows from sores on this person's arms, and their facial expression is pure agony.  Their mouth opens and closes softly in a silent moan.",
    "copy-from": "mon_feral_human_crowbar",
    "default_faction": "fungus",
    "upgrades": { "half_life": 14, "into": "mon_fungaloid" },
    "special_attacks": [ [ "FUNGUS", 40 ] ],
    "death_function": { "effect": { "id": "death_fungus", "hit_self": true } },
    "extend": { "flags": [ "NO_FUNG_DMG", "IMMOBILE" ] }
  },
  {
    "id": "mon_feral_human_axe_fungal_corpse",
    "type": "MONSTER",
    "description": "Delicate fungal stalks sprout in rows from sores on this person's arms, and their facial expression is pure agony.",
    "copy-from": "mon_feral_human_axe",
    "default_faction": "fungus",
    "upgrades": { "half_life": 14, "into": "mon_fungaloid" },
    "special_attacks": [ [ "FUNGUS", 40 ] ],
    "death_function": { "effect": { "id": "death_fungus", "hit_self": true } },
    "extend": { "flags": [ "NO_FUNG_DMG", "IMMOBILE" ] }
  },
  {
    "id": "mon_feral_scientist_scalpel",
    "type": "MONSTER",
    "name": { "str": "mad scientist" },
    "description": "A researcher who has stared too long into the abyss, and now shambles about muttering nonsense under their breath.  For some reason, the zombies don't seem to mind that this person is obviously still alive.  They're clutching a tiny but razor-sharp blade in one shaky hand.",
    "default_faction": "science",
    "looks_like": "chud",
    "bodytype": "human",
    "species": [ "HUMAN" ],
    "volume": "62500 ml",
    "weight": "81500 g",
    "hp": 80,
    "speed": 100,
    "material": [ "flesh" ],
    "symbol": "@",
    "color": "magenta",
    "aggression": 30,
    "morale": 100,
    "melee_skill": 4,
    "melee_dice": 1,
    "melee_dice_sides": 3,
    "melee_damage": [ { "damage_type": "cut", "amount": 2 } ],
    "weakpoint_sets": [ "wps_humanoid_body" ],
    "families": [ "prof_intro_biology", "prof_physiology" ],
    "dodge": 1,
    "harvest": "human",
    "dissect": "dissect_human_sample_single",
    "path_settings": { "max_dist": 30, "avoid_traps": true, "avoid_sharp": true },
    "vision_day": 50,
    "vision_night": 3,
	"petfood": {
      "food": [ "FERALFOOD" ],
      "feed": "The %s seems to snap out of their rage for a moment. They look confused, like they just woke up from a bad dream.",
      "pet": "The %s doesn't respond much as you pat them reassuringly on the shoulder."
    },
    "death_drops": "feral_scientists_death_drops_scalpel",
    "zombify_into": "mon_zombie_scientist",
    "anger_triggers": [ "FRIEND_DIED", "FRIEND_ATTACKED", "HURT", "PLAYER_CLOSE" ],
    "flags": [
      "SEES",
      "HEARS",
      "SMELLS",
      "WARM",
      "BASHES",
      "GROUP_BASH",
      "HUMAN",
      "CAN_OPEN_DOORS",
      "PATH_AVOID_DANGER_1",
      "DROPS_AMMO"
    ]
  },
  {
    "id": "mon_feral_labsecurity_9mm",
    "type": "MONSTER",
    "name": { "str": "feral security guard" },
    "description": "This security guard still breathes, but has been lost to some terrible madness.  They move among the undead, handgun at the ready and saucer pupils scanning for threats in a mockery of their former duty.",
    "default_faction": "science",
    "looks_like": "chud",
    "bodytype": "human",
    "species": [ "HUMAN" ],
    "volume": "62500 ml",
    "weight": "81500 g",
    "hp": 80,
    "speed": 100,
    "material": [ "flesh" ],
    "symbol": "@",
    "color": "i_magenta",
    "aggression": 30,
    "morale": 100,
    "melee_skill": 6,
    "melee_dice": 2,
    "melee_dice_sides": 3,
    "armor_bash": 4,
    "armor_cut": 6,
    "armor_bullet": 4,
    "armor_stab": 4,
    "weakpoint_sets": [ "wps_humanoid_body", "wps_humanoid_body_armor" ],
    "families": [ "prof_intro_biology", "prof_physiology", "prof_wp_syn_armored" ],
    "dodge": 1,
    "harvest": "human",
    "dissect": "dissect_human_sample_single",
    "vision_day": 50,
    "vision_night": 4,
	"petfood": {
      "food": [ "FERALFOOD" ],
      "feed": "The %s seems to snap out of their rage for a moment. They look confused, like they just woke up from a bad dream.",
      "pet": "The %s doesn't respond much as you pat them reassuringly on the shoulder."
    },
    "path_settings": { "max_dist": 30, "avoid_traps": true, "avoid_sharp": true },
    "diff": 5,
    "starting_ammo": { "9mm": 5 },
    "special_attacks": [
      {
        "type": "gun",
        "cooldown": 10,
        "move_cost": 150,
        "gun_type": "feral_m9",
        "ammo_type": "9mm",
        "fake_skills": [ [ "gun", 1 ], [ "pistol", 2 ] ],
        "fake_dex": 8,
        "fake_per": 10,
        "ranges": [ [ 2, 14, "DEFAULT" ] ],
        "require_targeting_player": false,
        "description": "The feral security guard fires their Beretta M9A1!"
      }
    ],
    "death_drops": "feral_security_death_drops_9mm",
    "zombify_into": "mon_zombie_labsecurity",
    "anger_triggers": [ "FRIEND_DIED", "FRIEND_ATTACKED", "HURT", "PLAYER_WEAK" ],
    "flags": [
      "SEES",
      "HEARS",
      "SMELLS",
      "WARM",
      "BASHES",
      "GROUP_BASH",
      "HUMAN",
      "CAN_OPEN_DOORS",
      "CLIMBS",
      "PUSH_MON",
      "PATH_AVOID_DANGER_1",
      "DROPS_AMMO"
    ]
  },
  {
    "id": "mon_feral_labsecurity_flashlight",
    "type": "MONSTER",
    "copy-from": "mon_feral_labsecurity_9mm",
	"petfood": {
      "food": [ "FERALFOOD" ],
      "feed": "The %s seems to snap out of their rage for a moment. They look confused, like they just woke up from a bad dream.",
      "pet": "The %s doesn't respond much as you pat them reassuringly on the shoulder."
    },
    "description": "At first glance, this disheveled figure could almost pass for a survivor, but the bloodshot eyes give them away as one of the humans who have gone feral and joined the undead without dying.  Their uniform suggests that this was at some point a security guard, and they still carry a stun gun and a heavy-duty flashlight that looks like it could easily double as a club.",
    "melee_dice_sides": 6,
    "special_attacks": [ [ "TAZER", 10 ] ],
    "luminance": 500,
    "death_drops": "feral_security_death_drops_flashlight"
  },
  {
    "id": "mon_feral_maid_broom",
    "type": "MONSTER",
    "name": { "str": "feral servant" },
    "description": "Once a fancy servant of some rich family, this maniac walks around with a broom in hand, searching for a victim to sweep off this mortal coil.",
    "default_faction": "zombie",
    "looks_like": "chud",
    "bodytype": "human",
    "species": [ "HUMAN" ],
    "volume": "62500 ml",
    "weight": "81500 g",
    "hp": 80,
    "speed": 100,
    "material": [ "flesh" ],
    "symbol": "@",
    "color": "magenta",
    "aggression": 30,
    "morale": 100,
    "melee_skill": 2,
    "melee_dice": 1,
    "melee_dice_sides": 3,
    "weakpoint_sets": [ "wps_humanoid_body" ],
    "families": [ "prof_intro_biology", "prof_physiology" ],
    "dodge": 1,
    "harvest": "human",
    "dissect": "dissect_human_sample_single",
    "vision_day": 30,
    "vision_night": 3,
	"petfood": {
      "food": [ "FERALFOOD" ],
      "feed": "The %s seems to snap out of their rage for a moment. They look confused, like they just woke up from a bad dream.",
      "pet": "The %s doesn't respond much as you pat them reassuringly on the shoulder."
    },
    "path_settings": { "max_dist": 30, "allow_open_doors": true, "avoid_traps": true, "avoid_sharp": true },
    "death_drops": "feral_maids_death_drops_broom",
    "zombify_into": "mon_zombie",
    "anger_triggers": [ "FRIEND_DIED", "FRIEND_ATTACKED", "HURT" ],
    "flags": [ "SEES", "HEARS", "SMELLS", "WARM", "BASHES", "GROUP_BASH", "HUMAN", "CAN_OPEN_DOORS", "PATH_AVOID_DANGER_1" ]
  },
  {
    "id": "mon_feral_maid_candlestick",
    "type": "MONSTER",
    "copy-from": "mon_feral_maid_broom",
	"petfood": {
      "food": [ "FERALFOOD" ],
      "feed": "The %s seems to snap out of their rage for a moment. They look confused, like they just woke up from a bad dream.",
      "pet": "The %s doesn't respond much as you pat them reassuringly on the shoulder."
    },
    "name": { "str": "feral servant" },
    "description": "Once a fancy servant of some rich family, this maniac walks around with a candlestick in hand, ready to snuff out your life.",
    "death_drops": "feral_maids_death_drops_candlestick"
  },
  {
    "id": "mon_feral_maid_knife",
    "type": "MONSTER",
    "copy-from": "mon_feral_maid_broom",
	"petfood": {
      "food": [ "FERALFOOD" ],
      "feed": "The %s seems to snap out of their rage for a moment. They look confused, like they just woke up from a bad dream.",
      "pet": "The %s doesn't respond much as you pat them reassuringly on the shoulder."
    },
    "name": { "str": "feral servant" },
    "description": "Once a fancy servant of some rich family, this maniac walks around with a knife in hand, searching for some victims to butcher.",
    "melee_skill": 3,
    "melee_damage": [ { "damage_type": "cut", "amount": 4 } ],
    "death_drops": "feral_maids_death_drops_knife"
  },
  {
    "id": "mon_feral_fancy_rapier",
    "type": "MONSTER",
    "copy-from": "mon_feral_maid_broom",
	"petfood": {
      "food": [ "FERALFOOD" ],
      "feed": "The %s seems to snap out of their rage for a moment. They look confused, like they just woke up from a bad dream.",
      "pet": "The %s doesn't respond much as you pat them reassuringly on the shoulder."
    },
    "name": { "str": "well dressed feral" },
    "description": "Wearing fancy clothes and with a rapier in hand, this maniac was once a socialite.  They smile with madness and seem like they want to invite you to dinner.",
    "melee_skill": 4,
    "melee_dice": 2,
    "melee_dice_sides": 6,
    "melee_damage": [ { "damage_type": "cut", "amount": 10 } ],
    "death_drops": "feral_fancy_death_drops_rapier"
  },
  {
    "id": "mon_feral_fancy_rapier_fake",
    "type": "MONSTER",
    "copy-from": "mon_feral_maid_broom",
	"petfood": {
      "food": [ "FERALFOOD" ],
      "feed": "The %s seems to snap out of their rage for a moment. They look confused, like they just woke up from a bad dream.",
      "pet": "The %s doesn't respond much as you pat them reassuringly on the shoulder."
    },
    "name": { "str": "well dressed feral" },
    "description": "Wearing fancy clothes and with a rapier in hand, this maniac was once a socialite.  They smile with madness and seem like they want to invite you to dinner.",
    "melee_skill": 3,
    "melee_damage": [ { "damage_type": "cut", "amount": 1 } ],
    "death_drops": "feral_fancy_death_drops_rapier_fake"
  },
  {
    "id": "mon_feral_fancy_crossbow",
    "type": "MONSTER",
    "copy-from": "mon_feral_maid_broom",
	"petfood": {
      "food": [ "FERALFOOD" ],
      "feed": "The %s seems to snap out of their rage for a moment. They look confused, like they just woke up from a bad dream.",
      "pet": "The %s doesn't respond much as you pat them reassuringly on the shoulder."
    },
    "name": { "str": "well dressed feral" },
    "description": "Wearing fancy clothes and with a crossbow in hand, this maniac was once a socialite.  Their hands caress the crossbow as if touching a loved one.",
    "starting_ammo": { "bolt_cf": 6 },
    "special_attacks": [
      {
        "type": "gun",
        "cooldown": 15,
        "move_cost": 200,
        "gun_type": "rep_crossbow",
        "ammo_type": "bolt_cf",
        "fake_skills": [ [ "gun", 1 ], [ "smg", 1 ] ],
        "fake_dex": 6,
        "fake_per": 6,
        "require_targeting_player": false,
        "ranges": [ [ 2, 7, "DEFAULT" ] ],
        "description": "The feral human shoots its crossbow!"
      }
    ],
    "death_drops": "feral_fancy_death_drops_crossbow"
  },
  {
    "id": "mon_feral_armored_mace",
    "type": "MONSTER",
    "copy-from": "mon_feral_maid_broom",
	"petfood": {
      "food": [ "FERALFOOD" ],
      "feed": "The %s seems to snap out of their rage for a moment. They look confused, like they just woke up from a bad dream.",
      "pet": "The %s doesn't respond much as you pat them reassuringly on the shoulder."
    },
    "name": { "str": "armored feral" },
    "color": "i_magenta",
    "description": "Clad in ancient armor and with a mace in hand, this maniac walks around in search of their next prey.  You can see stains of dried blood all over their mace.",
    "melee_skill": 3,
    "melee_dice": 3,
    "melee_dice_sides": 7,
    "melee_damage": [ { "damage_type": "cut", "amount": 0 } ],
    "armor_bash": 20,
    "armor_cut": 20,
    "armor_bullet": 12,
    "armor_stab": 15,
    "weakpoint_sets": [ "wps_humanoid_body", "wps_humanoid_body_armor", "wps_humanoid_open_helmet" ],
    "families": [ "prof_intro_biology", "prof_physiology", "prof_wp_syn_armored" ],
    "death_drops": "feral_armored_death_drops_mace"
  },
  {
    "id": "mon_feral_armored_battleaxe",
    "type": "MONSTER",
    "copy-from": "mon_feral_armored_mace",
	"petfood": {
      "food": [ "FERALFOOD" ],
      "feed": "The %s seems to snap out of their rage for a moment. They look confused, like they just woke up from a bad dream.",
      "pet": "The %s doesn't respond much as you pat them reassuringly on the shoulder."
    },
    "color": "i_magenta",
    "name": { "str": "armored feral" },
    "description": "Clad in ancient armor and with a battle axe in hand, this maniac walks around in search of their next prey.  You can see stains of dried blood all over their axe.",
    "melee_damage": [ { "damage_type": "cut", "amount": 15 } ],
    "death_drops": "feral_armored_death_drops_battleaxe"
  },
  {
    "id": "mon_feral_prepper",
    "type": "MONSTER",
    "name": { "str": "feral prepper" },
    "description": "A quick glance at this person would suggest that they have prepared well enough for the apocalypse.  Unfortunately, their bloodshot eyes, and the excluding treatment by the undead, shows that they have turned feral.  One of their hands clasps the handle of a makeshift weapon, while the other grips a handgun.",
    "default_faction": "zombie",
    "bodytype": "human",
    "species": [ "HUMAN" ],
    "volume": "62500 ml",
    "weight": "81500 g",
    "hp": 80,
    "speed": 100,
    "material": [ "flesh" ],
    "symbol": "@",
    "color": "magenta",
    "aggression": 75,
    "morale": 100,
    "melee_skill": 3,
    "melee_dice": 2,
    "melee_dice_sides": 6,
    "melee_damage": [ { "damage_type": "cut", "amount": 0 } ],
    "dodge": 3,
    "armor_bash": 4,
    "armor_cut": 4,
    "armor_bullet": 4,
    "armor_acid": 4,
    "weakpoint_sets": [ "wps_humanoid_body", "wps_humanoid_light_armor" ],
    "families": [ "prof_intro_biology", "prof_physiology" ],
    "vision_day": 50,
    "vision_night": 3,
	"petfood": {
      "food": [ "FERALFOOD" ],
      "feed": "The %s seems to snap out of their rage for a moment. They look confused, like they just woke up from a bad dream.",
      "pet": "The %s doesn't respond much as you pat them reassuringly on the shoulder."
    },
    "harvest": "human",
    "dissect": "dissect_human_sample_single",
    "starting_ammo": { "9mm": 3 },
    "special_attacks": [
      {
        "type": "gun",
        "cooldown": 10,
        "move_cost": 50,
        "//": "(movecost is 50 to show that the feral prepper doesn't take time to aim, and just shoots barbaric-ly)",
        "gun_type": "feral_m9",
        "ammo_type": "9mm",
        "fake_skills": [ [ "gun", 0 ], [ "pistol", 0 ] ],
        "fake_dex": 8,
        "fake_per": 9,
        "ranges": [ [ 2, 14, "DEFAULT" ], [ 10, 35, "DEFAULT" ] ],
        "require_targeting_player": false,
        "description": "The feral prepper haphazardly fires their firearm!"
      }
    ],
    "death_drops": "mon_feral_prepper_death_drops",
    "zombify_into": "mon_zombie_survivor",
    "flags": [
      "SEES",
      "HEARS",
      "SMELLS",
      "WARM",
      "BASHES",
      "GROUP_BASH",
      "HUMAN",
      "CAN_OPEN_DOORS",
      "CLIMBS",
      "PUSH_MON",
      "PATH_AVOID_DANGER_1",
      "DROPS_AMMO"
    ]
  },
  {
    "id": "mon_feral_survivalist",
    "type": "MONSTER",
    "name": { "str": "crazed survivalist" },
    "description": "Grasping a sharp bladed weapon, this feral prepper has an athletic physique, a sign that they trained extensively before turning feral.  In addition to remembering how to use a flashlight, their survival instincts seem to kick in when critically harmed, causing them to act in self-preservation unlike most of their fellows.",
    "default_faction": "zombie",
    "bodytype": "human",
    "species": [ "HUMAN" ],
    "volume": "62500 ml",
    "weight": "81500 g",
    "hp": 100,
    "speed": 110,
    "material": [ "flesh" ],
    "symbol": "@",
    "color": "magenta",
    "aggression": 75,
    "morale": 12,
    "melee_skill": 6,
    "melee_dice": 2,
    "melee_dice_sides": 7,
    "melee_damage": [ { "damage_type": "cut", "amount": 9 } ],
    "dodge": 3,
    "armor_bash": 4,
    "armor_cut": 4,
    "armor_bullet": 4,
    "armor_acid": 4,
    "armor_elec": 3,
    "weakpoint_sets": [ "wps_humanoid_body", "wps_humanoid_light_armor" ],
    "families": [ "prof_intro_biology", "prof_physiology" ],
    "vision_day": 50,
    "vision_night": 4,
	"petfood": {
      "food": [ "FERALFOOD" ],
      "feed": "The %s seems to snap out of their rage for a moment. They look confused, like they just woke up from a bad dream.",
      "pet": "The %s doesn't respond much as you pat them reassuringly on the shoulder."
    },
    "luminance": 500,
    "harvest": "human",
    "dissect": "dissect_human_sample_single",
    "death_drops": "mon_feral_survivalist_death_drops",
    "zombify_into": "mon_zombie_survivor",
    "flags": [
      "SEES",
      "HEARS",
      "SMELLS",
      "WARM",
      "BASHES",
      "GROUP_BASH",
      "HUMAN",
      "CAN_OPEN_DOORS",
      "CLIMBS",
      "PUSH_MON",
      "PATH_AVOID_DANGER_1",
      "DROPS_AMMO"
    ],
    "anger_triggers": [ "FRIEND_ATTACKED", "PLAYER_CLOSE", "STALK" ],
    "fear_triggers": [ "HURT" ]
  },
  {
    "id": "mon_feral_militia",
    "type": "MONSTER",
    "name": { "str": "mad militia" },
    "description": "Wearing a tactical camo uniform with a Kevlar vest, this person seems to have been a militia member, now turned feral.  Their hands grip unto a semi-automatic rifle as their bloodshot eyes scan for threats; a flashlight strapped to their forehead illuminates their presence and surroundings.",
    "default_faction": "zombie",
    "bodytype": "human",
    "species": [ "HUMAN" ],
    "volume": "62500 ml",
    "weight": "81500 g",
    "hp": 110,
    "speed": 110,
    "material": [ "flesh" ],
    "symbol": "@",
    "color": "i_magenta",
    "diff": 15,
    "aggression": 75,
    "morale": 20,
    "melee_skill": 6,
    "melee_dice": 2,
    "melee_dice_sides": 3,
    "melee_damage": [ { "damage_type": "cut", "amount": 0 } ],
    "dodge": 3,
    "armor_bash": 5,
    "armor_cut": 7,
    "armor_bullet": 10,
    "armor_acid": 5,
    "armor_elec": 4,
    "weakpoint_sets": [ "wps_humanoid_body", "wps_humanoid_body_armor", "wps_humanoid_open_helmet" ],
    "families": [ "prof_intro_biology", "prof_physiology", "prof_wp_syn_armored" ],
    "vision_day": 50,
    "vision_night": 4,
	"petfood": {
      "food": [ "FERALFOOD" ],
      "feed": "The %s seems to snap out of their rage for a moment. They look confused, like they just woke up from a bad dream.",
      "pet": "The %s doesn't respond much as you pat them reassuringly on the shoulder."
    },
    "harvest": "human",
    "dissect": "dissect_human_sample_single",
    "luminance": 500,
    "starting_ammo": { "223": 10 },
    "special_attacks": [
      {
        "type": "gun",
        "cooldown": 5,
        "move_cost": 150,
        "gun_type": "feral_militia_gun",
        "ammo_type": "223",
        "fake_skills": [ [ "gun", 2 ], [ "rifle", 2 ] ],
        "fake_dex": 8,
        "fake_per": 10,
        "ranges": [ [ 2, 35, "DEFAULT" ] ],
        "require_targeting_player": false,
        "description": "The mad militiaman fires their rifle!"
      }
    ],
    "death_drops": "mon_feral_militia_death_drops",
    "zombify_into": "mon_zombie_milbase_personnel",
    "flags": [
      "SEES",
      "HEARS",
      "SMELLS",
      "WARM",
      "BASHES",
      "GROUP_BASH",
      "HUMAN",
      "CAN_OPEN_DOORS",
      "CLIMBS",
      "PUSH_MON",
      "PATH_AVOID_DANGER_1",
      "DROPS_AMMO"
    ],
    "anger_triggers": [ "FRIEND_ATTACKED", "PLAYER_CLOSE", "STALK" ],
    "fear_triggers": [ "HURT" ]
  },
  {
    "id": "mon_feral_soldier",
    "type": "MONSTER",
    "name": { "str": "feral soldier" },
    "description": "Wearing a military uniform with an armored vest, this person seems to be a highly trained military professional, now turned feral.  Tense, dirty hands grip a combat knife as their bloodshot eyes scan for threats.",
    "default_faction": "zombie",
    "bodytype": "human",
    "species": [ "HUMAN" ],
    "volume": "62500 ml",
    "weight": "81500 g",
    "hp": 100,
    "speed": 85,
    "material": [ "flesh" ],
    "symbol": "@",
    "color": "i_magenta",
    "aggression": 40,
    "morale": 100,
    "melee_skill": 6,
    "melee_dice": 2,
    "melee_dice_sides": 2,
    "melee_damage": [ { "damage_type": "cut", "amount": 6 } ],
    "armor_bash": 4,
    "armor_cut": 9,
    "armor_bullet": 7,
    "armor_elec": 3,
    "weakpoint_sets": [ "wps_humanoid_body", "wps_humanoid_body_armor", "wps_humanoid_open_helmet" ],
    "families": [ "prof_intro_biology", "prof_physiology", "prof_wp_syn_armored" ],
    "dodge": 4,
    "harvest": "human",
    "dissect": "dissect_human_sample_single",
    "vision_night": 5,
	"petfood": {
      "food": [ "FERALFOOD" ],
      "feed": "The %s seems to snap out of their rage for a moment. They look confused, like they just woke up from a bad dream.",
      "pet": "The %s doesn't respond much as you pat them reassuringly on the shoulder."
    },
    "path_settings": { "max_dist": 40, "allow_open_doors": true, "avoid_traps": true, "avoid_sharp": true },
    "death_drops": "mon_feral_soldier_death_drops",
    "zombify_into": "mon_zombie_soldier",
    "anger_triggers": [ "FRIEND_DIED", "FRIEND_ATTACKED", "HURT" ],
    "flags": [ "SEES", "HEARS", "SMELLS", "WARM", "BASHES", "GROUP_BASH", "HUMAN", "CAN_OPEN_DOORS", "PATH_AVOID_DANGER_1" ]
  },
  {
    "id": "mon_feral_jackboot",
    "type": "MONSTER",
    "name": { "str": "feral biker" },
    "description": "A rough-looking feral human, clad in black leather and wielding a pump-action shotgun.  It seems body-armor wasn't one of their priorities however.",
    "default_faction": "zombie",
    "bodytype": "human",
    "species": [ "HUMAN" ],
    "volume": "62500 ml",
    "weight": "81500 g",
    "hp": 80,
    "speed": 100,
    "material": [ "flesh" ],
    "symbol": "@",
    "color": "magenta",
    "aggression": 75,
    "morale": 100,
    "melee_skill": 6,
    "melee_dice": 2,
    "melee_dice_sides": 3,
    "dodge": 1,
    "weakpoint_sets": [ "wps_humanoid_body" ],
    "vision_day": 50,
    "vision_night": 3,
	"petfood": {
      "food": [ "FERALFOOD" ],
      "feed": "The %s seems to snap out of their rage for a moment. They look confused, like they just woke up from a bad dream.",
      "pet": "The %s doesn't respond much as you pat them reassuringly on the shoulder."
    },
    "harvest": "human",
    "starting_ammo": { "shot_00": 5 },
    "special_attacks": [
      {
        "type": "gun",
        "cooldown": 10,
        "move_cost": 150,
        "gun_type": "feral_jackboot_gun",
        "ammo_type": "shot_00",
        "fake_skills": [ [ "gun", 2 ], [ "shotgun", 2 ] ],
        "fake_dex": 8,
        "fake_per": 9,
        "//": "(ferals don't care about max-effective range.)",
        "ranges": [ [ 2, 25, "DEFAULT" ] ],
        "require_targeting_player": false,
        "description": "The feral biker fires their shotgun!"
      }
    ],
    "death_drops": "mon_feral_jackboot_death_drops",
    "zombify_into": "mon_zombie",
    "flags": [
      "SEES",
      "HEARS",
      "SMELLS",
      "WARM",
      "BASHES",
      "GROUP_BASH",
      "HUMAN",
      "CAN_OPEN_DOORS",
      "CLIMBS",
      "PUSH_MON",
      "PATH_AVOID_DANGER_1",
      "DROPS_AMMO"
    ],
    "anger_triggers": [ "FRIEND_DIED", "FRIEND_ATTACKED", "HURT" ]
  },
  {
    "id": "mon_feral_swimmer_kickboard",
    "type": "MONSTER",
    "name": { "str": "feral swimmer" },
    "description": "Clad in swimwear and with a swimming kickboard in hand, this once normal person is now a bloodthirsty maniac, capable of swimming behind its victims and drown them with a smile on its face.",
    "default_faction": "zombie",
    "looks_like": "chud",
    "bodytype": "human",
    "species": [ "HUMAN" ],
    "volume": "62500 ml",
    "weight": "81500 g",
    "hp": 80,
    "speed": 100,
    "material": [ "flesh" ],
    "symbol": "@",
    "color": "light_blue",
    "aggression": 30,
    "morale": 100,
    "melee_skill": 3,
    "melee_dice": 1,
    "melee_dice_sides": 2,
    "melee_damage": [ { "damage_type": "cut", "amount": 0 } ],
    "weakpoint_sets": [ "wps_humanoid_body" ],
    "families": [ "prof_intro_biology", "prof_physiology" ],
    "dodge": 1,
    "harvest": "human",
    "dissect": "dissect_human_sample_single",
    "vision_day": 30,
    "vision_night": 3,
	"petfood": {
      "food": [ "FERALFOOD" ],
      "feed": "The %s seems to snap out of their rage for a moment. They look confused, like they just woke up from a bad dream.",
      "pet": "The %s doesn't respond much as you pat them reassuringly on the shoulder."
    },
    "path_settings": { "max_dist": 30, "allow_open_doors": true, "avoid_traps": true, "avoid_sharp": true },
    "death_drops": "feral_swimmer_death_drops_kickboard",
    "zombify_into": "mon_zombie_swimmer_base",
    "anger_triggers": [ "FRIEND_DIED", "FRIEND_ATTACKED", "HURT" ],
    "flags": [ "SEES", "HEARS", "SMELLS", "WARM", "BASHES", "GROUP_BASH", "HUMAN", "CAN_OPEN_DOORS", "PATH_AVOID_DANGER_1", "SWIMS" ]
  },
  {
    "id": "mon_feral_diver_knife",
    "type": "MONSTER",
    "name": { "str": "feral diver" },
    "description": "Once an avid diver, this masked maniac now follows its prey until the deepest of the oceans, wielding a dive knife with which to murder them.",
    "copy-from": "mon_feral_swimmer_kickboard",
	"petfood": {
      "food": [ "FERALFOOD" ],
      "feed": "The %s seems to snap out of their rage for a moment. They look confused, like they just woke up from a bad dream.",
      "pet": "The %s doesn't respond much as you pat them reassuringly on the shoulder."
    },
    "color": "blue",
    "melee_dice": 2,
    "melee_dice_sides": 5,
    "melee_damage": [ { "damage_type": "cut", "amount": 4 } ],
    "dodge": 2,
    "armor_bash": 2,
    "armor_cut": 1,
    "armor_bullet": 1,
    "weakpoint_sets": [ "wps_humanoid_body", "wps_humanoid_light_armor" ],
    "extend": { "flags": [ "WATER_CAMOUFLAGE", "NO_BREATHE" ] },
    "delete": { "flags": [ "SMELLS" ] },
    "death_drops": "feral_diver_death_drops_knife"
  },
  {
    "id": "mon_feral_sailor_wrench",
    "type": "MONSTER",
    "name": { "str": "feral crewman", "str_pl": "feral crewmen" },
    "description": "Clad in a grimy and tattered naval uniform, this former sailor clutches a massive wrench as some form of makeshift weapon.  At a distance, you could mistake them as being another survivor.  However, upon closer inspection you make note of how their veins are visibly bulging, their wide open eyes have a primal, animalistic quality to their gaze, and their breaths come in ragged, wheezing pants.  Whatever the Cataclysm has done to the military crewman that this twitching shell of their former self once was, you’re certain that they're not fully human anymore.",
    "default_faction": "zombie",
    "bodytype": "human",
    "species": [ "HUMAN" ],
    "volume": "62500 ml",
    "weight": "81500 g",
    "hp": 80,
    "speed": 80,
    "material": [ "flesh" ],
    "symbol": "@",
    "color": "i_magenta",
    "aggression": 40,
    "morale": 100,
    "melee_skill": 4,
    "melee_dice": 3,
    "melee_dice_sides": 4,
    "armor_bash": 2,
    "armor_cut": 2,
    "armor_bullet": 2,
    "armor_elec": 2,
    "weakpoint_sets": [ "wps_humanoid_body" ],
    "families": [ "prof_intro_biology", "prof_physiology" ],
    "dodge": 2,
    "harvest": "human",
    "dissect": "dissect_human_sample_single",
    "vision_day": 45,
    "vision_night": 4,
	"petfood": {
      "food": [ "FERALFOOD" ],
      "feed": "The %s seems to snap out of their rage for a moment. They look confused, like they just woke up from a bad dream.",
      "pet": "The %s doesn't respond much as you pat them reassuringly on the shoulder."
    },
    "path_settings": { "max_dist": 40, "allow_open_doors": true, "avoid_traps": true, "avoid_sharp": true },
    "death_drops": "mon_feral_sailor_death_drops",
    "zombify_into": "mon_zombie_sailor",
    "anger_triggers": [ "FRIEND_DIED", "FRIEND_ATTACKED", "HURT" ],
    "flags": [ "SEES", "HEARS", "SMELLS", "WARM", "BASHES", "GROUP_BASH", "HUMAN", "CAN_OPEN_DOORS", "PATH_AVOID_DANGER_1" ]
  },
  {
    "id": "mon_feral_sailor_axe",
    "type": "MONSTER",
    "copy-from": "mon_feral_sailor_wrench",
	"petfood": {
      "food": [ "FERALFOOD" ],
      "feed": "The %s seems to snap out of their rage for a moment. They look confused, like they just woke up from a bad dream.",
      "pet": "The %s doesn't respond much as you pat them reassuringly on the shoulder."
    },
    "description": "Spattered from head to toe in large swaths of dried viscera, the deep blue of this person’s tattered naval uniform has been stained the color of rust.  Having seemingly had enough presence of mind to consider arming itself, this former crewman carries a crash axe in its shaking hands.  The veins on the back of their neck are visibly bulging, their eyes bloodshot, and a mass of crisscrossing blackened veins stand out against the pale skin of their face as they regard the area around them for perceived threats.",
    "melee_dice_sides": 6,
    "death_drops": "mon_feral_sailor_axe_death_drops"
  },
  {
    "id": "mon_feral_sailor_mop",
    "type": "MONSTER",
    "copy-from": "mon_feral_sailor_wrench",
	"petfood": {
      "food": [ "FERALFOOD" ],
      "feed": "The %s seems to snap out of their rage for a moment. They look confused, like they just woke up from a bad dream.",
      "pet": "The %s doesn't respond much as you pat them reassuringly on the shoulder."
    },
    "description": "Clutching a stout mop in their quivering hands, this crewman was presumably assigned to basic deck sweeping in their final moments, before the Cataclysm struck and stripped them of their humanity.  Dressed in basic naval fatigues, you’d be forgiven for believing them to be another survivor.  However, their bloodshot eyes, blackened veins, and spastic twitching tell a far different story.",
    "melee_dice": 2,
    "death_drops": "mon_feral_sailor_mop_death_drops"
  },
  {
    "id": "mon_feral_sailor_lug_wrench",
    "type": "MONSTER",
    "copy-from": "mon_feral_sailor_wrench",
	"petfood": {
      "food": [ "FERALFOOD" ],
      "feed": "The %s seems to snap out of their rage for a moment. They look confused, like they just woke up from a bad dream.",
      "pet": "The %s doesn't respond much as you pat them reassuringly on the shoulder."
    },
    "description": "Still dressed in a grease spattered uniform, this crewman appears to have once been a naval engineer.  With tangled hair, oil stained working attire, and a lug wrench clenched in their fist, you assume that they were either assigned to shipside maintenance or responsible for servicing onboard aircraft.  Now all that’s left of the crewman that this person once was is a madly twitching, psychopathic monster.",
    "melee_dice_sides": 3,
    "death_drops": "mon_feral_sailor_lug_wrench_death_drops"
  },
  {
    "id": "mon_feral_marine_bayonet",
    "type": "MONSTER",
    "name": { "str": "feral marine" },
    "description": "This twitching, bloodied person is still clad in a ragged naval uniform, the insignia of the marines visible on their coat and a corresponding tattoo on their forearm.  Clutching a rifle in their quivering hands, you see them repeatedly pull the weapon’s trigger, constantly muttering incoherently and yanking back on the gun’s charging handle every time the rifle fails to fire.  Seemingly having lost the capability to comprehend that their weapon is empty, you’d feel relatively safe were it not for the gleaming bayonet still attached to the end of their firearm.",
    "default_faction": "zombie",
    "bodytype": "human",
    "species": [ "HUMAN" ],
    "volume": "62500 ml",
    "weight": "81500 g",
    "hp": 100,
    "speed": 85,
    "material": [ "flesh" ],
    "symbol": "@",
    "color": "i_magenta",
    "aggression": 50,
    "morale": 100,
    "melee_skill": 4,
    "melee_dice": 3,
    "melee_dice_sides": 4,
    "dodge": 2,
    "armor_bash": 4,
    "armor_cut": 6,
    "armor_bullet": 10,
	"petfood": {
      "food": [ "FERALFOOD" ],
      "feed": "The %s seems to snap out of their rage for a moment. They look confused, like they just woke up from a bad dream.",
      "pet": "The %s doesn't respond much as you pat them reassuringly on the shoulder."
    },
    "weakpoint_sets": [ "wps_humanoid_body", "wps_humanoid_body_armor", "wps_humanoid_open_helmet" ],
    "families": [ "prof_intro_biology", "prof_physiology" ],
    "special_attacks": [
      [ "PARROT_AT_DANGER", 0 ],
      {
        "id": "stretch_attack",
        "cooldown": 5,
        "range": 2,
        "hit_dmg_u": "The %1$s lunges their bayonet at your %2$s, stabbing it!",
        "hit_dmg_npc": "The %1$s lunges their bayonet at <npcname>'s %2$s, stabbing it!",
        "no_dmg_msg_u": "The %1$s thrusts their bayonet at your %2$s, but it glances off your armor!",
        "no_dmg_msg_npc": "The %1$s thrusts their bayonet at <npcname>'s %2$s, but glances off armor!",
        "miss_msg_u": "The %s thrusts their bayonet at you, but you evade it!",
        "miss_msg_npc": "The %s thrusts their bayonet at <npcname>, but they evade it!"
      }
    ],
    "harvest": "human",
    "dissect": "dissect_human_sample_single",
    "vision_day": 45,
    "vision_night": 4,
    "path_settings": { "max_dist": 30, "allow_open_doors": true, "avoid_traps": true, "avoid_sharp": true },
    "death_drops": "mon_feral_marine_death_drops",
    "zombify_into": "mon_zombie_marine",
    "anger_triggers": [ "FRIEND_DIED", "FRIEND_ATTACKED", "HURT" ],
    "flags": [
      "SEES",
      "HEARS",
      "SMELLS",
      "WARM",
      "BASHES",
      "GROUP_BASH",
      "HUMAN",
      "CAN_OPEN_DOORS",
      "PATH_AVOID_DANGER_1",
      "PRIORITIZE_TARGETS"
    ]
  },
  {
    "id": "mon_feral_officer",
    "type": "MONSTER",
    "copy-from": "mon_feral_sailor_wrench",
	"petfood": {
      "food": [ "FERALFOOD" ],
      "feed": "The %s seems to snap out of their rage for a moment. They look confused, like they just woke up from a bad dream.",
      "pet": "The %s doesn't respond much as you pat them reassuringly on the shoulder."
    },
    "name": { "str": "feral officer" },
    "description": "This person, clad in the tattered uniform of a naval officer, twitches erratically as their bloodshot eyes dart about and their breaths come in ragged pants.  The Cataclysm has clearly done something horrible to this military professional, inaudible mutterings emanating from their lips as they creep about like a skittish animal.  In their quivering hands they clutch a service pistol, the officer’s fingers nervously fidgeting with the weapon.  They may not be an undead corpse, but you doubt that they’re any more rational than the zombies which now infest the world.",
    "hp": 60,
    "speed": 90,
    "aggression": 30,
    "morale": 25,
    "melee_dice": 2,
    "melee_dice_sides": 3,
    "dodge": 3,
    "starting_ammo": { "9mm": 3 },
    "special_attacks": [
      {
        "type": "gun",
        "cooldown": 10,
        "move_cost": 150,
        "gun_type": "m18",
        "ammo_type": "9mm",
        "fake_skills": [ [ "gun", 1 ], [ "pistol", 2 ] ],
        "fake_dex": 8,
        "fake_per": 10,
        "ranges": [ [ 2, 14, "DEFAULT" ] ],
        "require_targeting_player": false,
        "description": "The feral officer fires their M18!"
      }
    ],
    "death_drops": "mon_feral_officer_death_drops",
    "zombify_into": "mon_zombie_officer",
    "anger_triggers": [ "FRIEND_DIED", "FRIEND_ATTACKED", "HURT", "PLAYER_WEAK" ],
    "flags": [
      "SEES",
      "HEARS",
      "SMELLS",
      "WARM",
      "BASHES",
      "GROUP_BASH",
      "HUMAN",
      "CAN_OPEN_DOORS",
      "CLIMBS",
      "PUSH_MON",
      "PATH_AVOID_DANGER_1",
      "DROPS_AMMO"
    ]
  }
]